Messstellennummer,Bezirk,Auspraegung,Grundwasserleiter,Grundwasserspannung,Datum,Grundwasserstand_m_ue_NHN,Flur_abstand_m_u_GOK,Ganglinie,Klassifikation,stammdaten_link
1,Reinickendorf,GW-Stand,Hauptgrundwasserleiter (GWL 1.3 + 2),gespannt,27.05.2026,33.50,keine Angabe,https://wasserportal.berlin.de/station.php?anzeige=g&thema=gws&station=1,extrem niedrig,https://wasserportal.berlin.de/station.php?anzeige=i&thema=gws&station=1
2,Reinickendorf,GW-Stand,Hauptgrundwasserleiter (GWL 1.3 + 2),ungespannt,01.06.2026,35.00,2.65,https://wasserportal.berlin.de/station.php?anzeige=g&thema=gws&station=2,extrem niedrig,https://wasserportal.berlin.de/station.php?anzeige=i&thema=gws&station=2
3,Reinickendorf,GW-Stand + GW-Güte,Hauptgrundwasserleiter (GWL 1.3 + 2),gespannt,01.06.2026,33.56,keine Angabe,https://wasserportal.berlin.de/station.php?anzeige=g&thema=gws&station=3,sehr niedrig,https://wasserportal.berlin.de/station.php?anzeige=i&thema=gws&station=3
4,Reinickendorf,GW-Stand,Hauptgrundwasserleiter (GWL 1.3 + 2),ungespannt,10.04.2026,32.44,7.44,https://wasserportal.berlin.de/station.php?anzeige=g&thema=gws&station=4,keine,https://wasserportal.berlin.de/station.php?anzeige=i&thema=gws&station=4
9,Reinickendorf,GW-Stand,Weitere,gespannt,07.05.2026,36.53,keine Angabe,https://wasserportal.berlin.de/station.php?anzeige=g&thema=gws&station=9,extrem niedrig,https://wasserportal.berlin.de/station.php?anzeige=i&thema=gws&station=9
24,Reinickendorf,GW-Stand,Hauptgrundwasserleiter (GWL 1.3 + 2),gespannt,08.05.2026,37.70,keine Angabe,https://wasserportal.berlin.de/station.php?anzeige=g&thema=gws&station=24,normal,https://wasserportal.berlin.de/station.php?anzeige=i&thema=gws&station=24
25,Reinickendorf,GW-Stand,Hauptgrundwasserleiter (GWL 1.3 + 2),ungespannt,08.05.2026,39.29,2.69,https://wasserportal.berlin.de/station.php?anzeige=g&thema=gws&station=25,normal,https://wasserportal.berlin.de/station.php?anzeige=i&thema=gws&station=25
26,Reinickendorf,"GW-Stand, tagesaktuell",Hauptgrundwasserleiter (GWL 1.3 + 2),ungespannt,19.06.2026,40.47,2.23,https://wasserportal.berlin.de/station.php?anzeige=g&thema=gws&station=26,niedrig,https://wasserportal.berlin.de/station.php?anzeige=i&thema=gws&station=26
30,Reinickendorf,GW-Stand,Hauptgrundwasserleiter (GWL 1.3 + 2),gespannt,08.05.2026,37.33,keine Angabe,https://wasserportal.berlin.de/station.php?anzeige=g&thema=gws&station=30,normal,https://wasserportal.berlin.de/station.php?anzeige=i&thema=gws&station=30
31,Mitte,GW-Stand,Hauptgrundwasserleiter (GWL 1.3 + 2),gespannt,08.05.2026,32.11,keine Angabe,https://wasserportal.berlin.de/station.php?anzeige=g&thema=gws&station=31,normal,https://wasserportal.berlin.de/station.php?anzeige=i&thema=gws&station=31
32,Mitte,GW-Stand,Hauptgrundwasserleiter (GWL 1.3 + 2),ungespannt,08.05.2026,32.77,6.07,https://wasserportal.berlin.de/station.php?anzeige=g&thema=gws&station=32,keine,https://wasserportal.berlin.de/station.php?anzeige=i&thema=gws&station=32
34,Mitte,"GW-Stand, tagesaktuell",Hauptgrundwasserleiter (GWL 1.3 + 2),ungespannt,19.06.2026,36.23,3.58,https://wasserportal.berlin.de/station.php?anzeige=g&thema=gws&station=34,normal,https://wasserportal.berlin.de/station.php?anzeige=i&thema=gws&station=34
35,Mitte,GW-Stand,Hauptgrundwasserleiter (GWL 1.3 + 2),gespannt,12.05.2026,37.96,keine Angabe,https://wasserportal.berlin.de/station.php?anzeige=g&thema=gws&station=35,normal,https://wasserportal.berlin.de/station.php?anzeige=i&thema=gws&station=35
39,Mitte,"GW-Stand, tagesaktuell",Hauptgrundwasserleiter (GWL 1.3 + 2),ungespannt,19.06.2026,36.42,2.53,https://wasserportal.berlin.de/station.php?anzeige=g&thema=gws&station=39,normal,https://wasserportal.berlin.de/station.php?anzeige=i&thema=gws&station=39
40,Mitte,GW-Stand,Hauptgrundwasserleiter (GWL 1.3 + 2),ungespannt,12.05.2026,31.98,4.47,https://wasserportal.berlin.de/station.php?anzeige=g&thema=gws&station=40,normal,https://wasserportal.berlin.de/station.php?anzeige=i&thema=gws&station=40
44,Mitte,GW-Stand,Hauptgrundwasserleiter (GWL 1.3 + 2),ungespannt,12.05.2026,31.63,5.44,https://wasserportal.berlin.de/station.php?anzeige=g&thema=gws&station=44,hoch,https://wasserportal.berlin.de/station.php?anzeige=i&thema=gws&station=44
45,Mitte,GW-Stand,Hauptgrundwasserleiter (GWL 1.3 + 2),ungespannt,08.05.2026,31.25,5.49,https://wasserportal.berlin.de/station.php?anzeige=g&thema=gws&station=45,keine,https://wasserportal.berlin.de/station.php?anzeige=i&thema=gws&station=45
47,Mitte,GW-Stand,Hauptgrundwasserleiter (GWL 1.3 + 2),ungespannt,12.05.2026,30.75,3.63,https://wasserportal.berlin.de/station.php?anzeige=g&thema=gws&station=47,niedrig,https://wasserportal.berlin.de/station.php?anzeige=i&thema=gws&station=47
50,Mitte,GW-Stand,Hauptgrundwasserleiter (GWL 1.3 + 2),ungespannt,04.06.2026,31.34,4.46,https://wasserportal.berlin.de/station.php?anzeige=g&thema=gws&station=50,normal,https://wasserportal.berlin.de/station.php?anzeige=i&thema=gws&station=50
51,Mitte,GW-Stand,Hauptgrundwasserleiter (GWL 1.3 + 2),ungespannt,04.06.2026,31.44,3.76,https://wasserportal.berlin.de/station.php?anzeige=g&thema=gws&station=51,sehr hoch,https://wasserportal.berlin.de/station.php?anzeige=i&thema=gws&station=51
52,Mitte,"GW-Stand, tagesaktuell",Hauptgrundwasserleiter (GWL 1.3 + 2),ungespannt,19.06.2026,31.61,3.15,https://wasserportal.berlin.de/station.php?anzeige=g&thema=gws&station=52,normal,https://wasserportal.berlin.de/station.php?anzeige=i&thema=gws&station=52
53,Charlottenburg-Wilmersdorf,GW-Stand,Hauptgrundwasserleiter (GWL 1.3 + 2),ungespannt,29.05.2026,30.21,3.29,https://wasserportal.berlin.de/station.php?anzeige=g&thema=gws&station=53,niedrig,https://wasserportal.berlin.de/station.php?anzeige=i&thema=gws&station=53
55,Charlottenburg-Wilmersdorf,GW-Stand,Hauptgrundwasserleiter (GWL 1.3 + 2),gespannt,21.05.2026,31.48,keine Angabe,https://wasserportal.berlin.de/station.php?anzeige=g&thema=gws&station=55,normal,https://wasserportal.berlin.de/station.php?anzeige=i&thema=gws&station=55
58,Charlottenburg-Wilmersdorf,GW-Stand,Hauptgrundwasserleiter (GWL 1.3 + 2),ungespannt,08.06.2026,31.33,14.27,https://wasserportal.berlin.de/station.php?anzeige=g&thema=gws&station=58,extrem niedrig,https://wasserportal.berlin.de/station.php?anzeige=i&thema=gws&station=58
60,Charlottenburg-Wilmersdorf,GW-Stand,Hauptgrundwasserleiter (GWL 1.3 + 2),ungespannt,08.06.2026,32.19,12.09,https://wasserportal.berlin.de/station.php?anzeige=g&thema=gws&station=60,sehr niedrig,https://wasserportal.berlin.de/station.php?anzeige=i&thema=gws&station=60
62,Steglitz-Zehlendorf,GW-Stand,Hauptgrundwasserleiter (GWL 1.3 + 2),ungespannt,10.06.2026,33.73,4.45,https://wasserportal.berlin.de/station.php?anzeige=g&thema=gws&station=62,sehr niedrig,https://wasserportal.berlin.de/station.php?anzeige=i&thema=gws&station=62
64,Steglitz-Zehlendorf,GW-Stand,Hauptgrundwasserleiter (GWL 1.3 + 2),gespannt,10.06.2026,33.89,keine Angabe,https://wasserportal.berlin.de/station.php?anzeige=g&thema=gws&station=64,extrem niedrig,https://wasserportal.berlin.de/station.php?anzeige=i&thema=gws&station=64
66,Steglitz-Zehlendorf,GW-Stand,Hauptgrundwasserleiter (GWL 1.3 + 2),ungespannt,09.06.2026,34.17,9.90,https://wasserportal.berlin.de/station.php?anzeige=g&thema=gws&station=66,extrem niedrig,https://wasserportal.berlin.de/station.php?anzeige=i&thema=gws&station=66
68,Steglitz-Zehlendorf,GW-Stand,Hauptgrundwasserleiter (GWL 1.3 + 2),ungespannt,09.06.2026,34.25,9.98,https://wasserportal.berlin.de/station.php?anzeige=g&thema=gws&station=68,extrem niedrig,https://wasserportal.berlin.de/station.php?anzeige=i&thema=gws&station=68
70,Friedrichshain-Kreuzberg,GW-Stand,Hauptgrundwasserleiter (GWL 1.3 + 2),ungespannt,04.06.2026,31.58,3.11,https://wasserportal.berlin.de/station.php?anzeige=g&thema=gws&station=70,sehr hoch,https://wasserportal.berlin.de/station.php?anzeige=i&thema=gws&station=70
71,Friedrichshain-Kreuzberg,GW-Stand,Hauptgrundwasserleiter (GWL 1.3 + 2),ungespannt,20.05.2026,32.18,2.68,https://wasserportal.berlin.de/station.php?anzeige=g&thema=gws&station=71,normal,https://wasserportal.berlin.de/station.php?anzeige=i&thema=gws&station=71
73,Friedrichshain-Kreuzberg,GW-Stand,Hauptgrundwasserleiter (GWL 1.3 + 2),ungespannt,04.06.2026,32.07,2.86,https://wasserportal.berlin.de/station.php?anzeige=g&thema=gws&station=73,normal,https://wasserportal.berlin.de/station.php?anzeige=i&thema=gws&station=73
75,Friedrichshain-Kreuzberg,"GW-Stand, tagesaktuell",Hauptgrundwasserleiter (GWL 1.3 + 2),ungespannt,17.06.2026,32.44,10.27,https://wasserportal.berlin.de/station.php?anzeige=g&thema=gws&station=75,normal,https://wasserportal.berlin.de/station.php?anzeige=i&thema=gws&station=75
76,Tempelhof-Schöneberg,GW-Stand,Hauptgrundwasserleiter (GWL 1.3 + 2),ungespannt,19.05.2026,32.67,14.78,https://wasserportal.berlin.de/station.php?anzeige=g&thema=gws&station=76,sehr niedrig,https://wasserportal.berlin.de/station.php?anzeige=i&thema=gws&station=76
79,Tempelhof-Schöneberg,"GW-Stand, tagesaktuell",Hauptgrundwasserleiter (GWL 1.3 + 2),gespannt,18.06.2026,33.33,keine Angabe,https://wasserportal.berlin.de/station.php?anzeige=g&thema=gws&station=79,extrem niedrig,https://wasserportal.berlin.de/station.php?anzeige=i&thema=gws&station=79
80,Tempelhof-Schöneberg,GW-Stand,Hauptgrundwasserleiter (GWL 1.3 + 2),gespannt,03.06.2026,34.53,keine Angabe,https://wasserportal.berlin.de/station.php?anzeige=g&thema=gws&station=80,extrem niedrig,https://wasserportal.berlin.de/station.php?anzeige=i&thema=gws&station=80
82,Tempelhof-Schöneberg,"GW-Stand, tagesaktuell",Hauptgrundwasserleiter (GWL 1.3 + 2),gespannt,19.06.2026,37.05,keine Angabe,https://wasserportal.berlin.de/station.php?anzeige=g&thema=gws&station=82,sehr niedrig,https://wasserportal.berlin.de/station.php?anzeige=i&thema=gws&station=82
86,Tempelhof-Schöneberg,GW-Stand,Hauptgrundwasserleiter (GWL 1.3 + 2),gespannt,02.06.2026,36.55,keine Angabe,https://wasserportal.berlin.de/station.php?anzeige=g&thema=gws&station=86,sehr niedrig,https://wasserportal.berlin.de/station.php?anzeige=i&thema=gws&station=86
87,Neukölln,GW-Stand,Hauptgrundwasserleiter (GWL 1.3 + 2),ungespannt,20.05.2026,32.14,2.98,https://wasserportal.berlin.de/station.php?anzeige=g&thema=gws&station=87,sehr niedrig,https://wasserportal.berlin.de/station.php?anzeige=i&thema=gws&station=87
88,Neukölln,"GW-Stand, tagesaktuell",Hauptgrundwasserleiter (GWL 1.3 + 2),ungespannt,19.06.2026,32.17,3.70,https://wasserportal.berlin.de/station.php?anzeige=g&thema=gws&station=88,niedrig,https://wasserportal.berlin.de/station.php?anzeige=i&thema=gws&station=88
89,Neukölln,GW-Stand,Hauptgrundwasserleiter (GWL 1.3 + 2),ungespannt,20.05.2026,32.53,20.48,https://wasserportal.berlin.de/station.php?anzeige=g&thema=gws&station=89,niedrig,https://wasserportal.berlin.de/station.php?anzeige=i&thema=gws&station=89
90,Neukölln,GW-Stand,Hauptgrundwasserleiter (GWL 1.3 + 2),ungespannt,20.05.2026,32.34,3.42,https://wasserportal.berlin.de/station.php?anzeige=g&thema=gws&station=90,normal,https://wasserportal.berlin.de/station.php?anzeige=i&thema=gws&station=90
91,Neukölln,GW-Stand,Hauptgrundwasserleiter (GWL 1.3 + 2),ungespannt,20.05.2026,32.29,1.89,https://wasserportal.berlin.de/station.php?anzeige=g&thema=gws&station=91,normal,https://wasserportal.berlin.de/station.php?anzeige=i&thema=gws&station=91
92,Neukölln,GW-Stand,Hauptgrundwasserleiter (GWL 1.3 + 2),gespannt,02.06.2026,32.57,keine Angabe,https://wasserportal.berlin.de/station.php?anzeige=g&thema=gws&station=92,normal,https://wasserportal.berlin.de/station.php?anzeige=i&thema=gws&station=92
93,Neukölln,GW-Stand,Hauptgrundwasserleiter (GWL 1.3 + 2),gespannt,28.05.2026,33.22,keine Angabe,https://wasserportal.berlin.de/station.php?anzeige=g&thema=gws&station=93,sehr niedrig,https://wasserportal.berlin.de/station.php?anzeige=i&thema=gws&station=93
94,Neukölln,GW-Stand,Hauptgrundwasserleiter (GWL 1.3 + 2),gespannt,28.05.2026,34.26,keine Angabe,https://wasserportal.berlin.de/station.php?anzeige=g&thema=gws&station=94,normal,https://wasserportal.berlin.de/station.php?anzeige=i&thema=gws&station=94
95,Neukölln,"GW-Stand, tagesaktuell",Hauptgrundwasserleiter (GWL 1.3 + 2),gespannt,19.06.2026,35.27,keine Angabe,https://wasserportal.berlin.de/station.php?anzeige=g&thema=gws&station=95,extrem niedrig,https://wasserportal.berlin.de/station.php?anzeige=i&thema=gws&station=95
96,Neukölln,GW-Stand,Hauptgrundwasserleiter (GWL 1.3 + 2),gespannt,28.05.2026,35.76,keine Angabe,https://wasserportal.berlin.de/station.php?anzeige=g&thema=gws&station=96,normal,https://wasserportal.berlin.de/station.php?anzeige=i&thema=gws&station=96
97,Neukölln,GW-Stand,Hauptgrundwasserleiter (GWL 1.3 + 2),gespannt,28.05.2026,35.50,keine Angabe,https://wasserportal.berlin.de/station.php?anzeige=g&thema=gws&station=97,niedrig,https://wasserportal.berlin.de/station.php?anzeige=i&thema=gws&station=97
100,Charlottenburg-Wilmersdorf,"GW-Stand, tagesaktuell",Hauptgrundwasserleiter (GWL 1.3 + 2),ungespannt,17.06.2026,30.56,1.20,https://wasserportal.berlin.de/station.php?anzeige=g&thema=gws&station=100,sehr niedrig,https://wasserportal.berlin.de/station.php?anzeige=i&thema=gws&station=100
101,Steglitz-Zehlendorf,GW-Stand,Hauptgrundwasserleiter (GWL 1.3 + 2),gespannt,25.02.2026,34.47,keine Angabe,https://wasserportal.berlin.de/station.php?anzeige=g&thema=gws&station=101,keine,https://wasserportal.berlin.de/station.php?anzeige=i&thema=gws&station=101
102,Steglitz-Zehlendorf,GW-Stand,Hauptgrundwasserleiter (GWL 1.3 + 2),gespannt,26.05.2026,33.87,keine Angabe,https://wasserportal.berlin.de/station.php?anzeige=g&thema=gws&station=102,sehr niedrig,https://wasserportal.berlin.de/station.php?anzeige=i&thema=gws&station=102
103,Steglitz-Zehlendorf,GW-Stand,Hauptgrundwasserleiter (GWL 1.3 + 2),ungespannt,09.06.2026,34.17,15.49,https://wasserportal.berlin.de/station.php?anzeige=g&thema=gws&station=103,extrem niedrig,https://wasserportal.berlin.de/station.php?anzeige=i&thema=gws&station=103
105,Tempelhof-Schöneberg,GW-Stand,Hauptgrundwasserleiter (GWL 1.3 + 2),gespannt,10.06.2026,33.19,keine Angabe,https://wasserportal.berlin.de/station.php?anzeige=g&thema=gws&station=105,extrem niedrig,https://wasserportal.berlin.de/station.php?anzeige=i&thema=gws&station=105
106,Tempelhof-Schöneberg,GW-Stand,Hauptgrundwasserleiter (GWL 1.3 + 2),ungespannt,19.05.2026,32.69,11.79,https://wasserportal.berlin.de/station.php?anzeige=g&thema=gws&station=106,niedrig,https://wasserportal.berlin.de/station.php?anzeige=i&thema=gws&station=106
107,Neukölln,GW-Stand,Hauptgrundwasserleiter (GWL 1.3 + 2),ungespannt,20.05.2026,32.39,12.15,https://wasserportal.berlin.de/station.php?anzeige=g&thema=gws&station=107,sehr niedrig,https://wasserportal.berlin.de/station.php?anzeige=i&thema=gws&station=107
108,Neukölln,GW-Stand,Hauptgrundwasserleiter (GWL 1.3 + 2),ungespannt,20.05.2026,32.13,3.08,https://wasserportal.berlin.de/station.php?anzeige=g&thema=gws&station=108,sehr niedrig,https://wasserportal.berlin.de/station.php?anzeige=i&thema=gws&station=108
109,Neukölln,GW-Stand,Hauptgrundwasserleiter (GWL 1.3 + 2),ungespannt,20.05.2026,32.16,3.77,https://wasserportal.berlin.de/station.php?anzeige=g&thema=gws&station=109,normal,https://wasserportal.berlin.de/station.php?anzeige=i&thema=gws&station=109
110,Neukölln,GW-Stand,Hauptgrundwasserleiter (GWL 1.3 + 2),ungespannt,20.05.2026,32.27,2.83,https://wasserportal.berlin.de/station.php?anzeige=g&thema=gws&station=110,normal,https://wasserportal.berlin.de/station.php?anzeige=i&thema=gws&station=110
114,Charlottenburg-Wilmersdorf,GW-Stand,Hauptgrundwasserleiter (GWL 1.3 + 2),gespannt,11.05.2026,30.76,keine Angabe,https://wasserportal.berlin.de/station.php?anzeige=g&thema=gws&station=114,hoch,https://wasserportal.berlin.de/station.php?anzeige=i&thema=gws&station=114
115,Reinickendorf,GW-Stand,Weitere,gespannt,01.06.2026,37.03,keine Angabe,https://wasserportal.berlin.de/station.php?anzeige=g&thema=gws&station=115,extrem niedrig,https://wasserportal.berlin.de/station.php?anzeige=i&thema=gws&station=115
120,Reinickendorf,GW-Stand,Hauptgrundwasserleiter (GWL 1.3 + 2),gespannt,08.05.2026,32.62,keine Angabe,https://wasserportal.berlin.de/station.php?anzeige=g&thema=gws&station=120,extrem niedrig,https://wasserportal.berlin.de/station.php?anzeige=i&thema=gws&station=120
125,Tempelhof-Schöneberg,GW-Stand,Hauptgrundwasserleiter (GWL 1.3 + 2),ungespannt,26.05.2026,38.20,5.61,https://wasserportal.berlin.de/station.php?anzeige=g&thema=gws&station=125,sehr niedrig,https://wasserportal.berlin.de/station.php?anzeige=i&thema=gws&station=125
128,Friedrichshain-Kreuzberg,"GW-Stand, tagesaktuell",Hauptgrundwasserleiter (GWL 1.3 + 2),ungespannt,19.06.2026,31.63,3.69,https://wasserportal.berlin.de/station.php?anzeige=g&thema=gws&station=128,niedrig,https://wasserportal.berlin.de/station.php?anzeige=i&thema=gws&station=128
129,Tempelhof-Schöneberg,"GW-Stand, tagesaktuell + GW-Güte",Hauptgrundwasserleiter (GWL 1.3 + 2),gespannt,19.06.2026,38.17,keine Angabe,https://wasserportal.berlin.de/station.php?anzeige=g&thema=gws&station=129,sehr niedrig,https://wasserportal.berlin.de/station.php?anzeige=i&thema=gws&station=129
136,Mitte,GW-Stand,Hauptgrundwasserleiter (GWL 1.3 + 2),ungespannt,11.05.2026,30.77,3.74,https://wasserportal.berlin.de/station.php?anzeige=g&thema=gws&station=136,normal,https://wasserportal.berlin.de/station.php?anzeige=i&thema=gws&station=136
137,Mitte,"GW-Stand, tagesaktuell + GW-Güte",Hauptgrundwasserleiter (GWL 1.3 + 2),ungespannt,19.06.2026,30.78,4.00,https://wasserportal.berlin.de/station.php?anzeige=g&thema=gws&station=137,normal,https://wasserportal.berlin.de/station.php?anzeige=i&thema=gws&station=137
138,Mitte,GW-Stand,Hauptgrundwasserleiter (GWL 1.3 + 2),ungespannt,22.05.2026,30.59,4.25,https://wasserportal.berlin.de/station.php?anzeige=g&thema=gws&station=138,extrem niedrig,https://wasserportal.berlin.de/station.php?anzeige=i&thema=gws&station=138
139,Mitte,GW-Stand,Hauptgrundwasserleiter (GWL 1.3 + 2),ungespannt,12.05.2026,31.25,4.29,https://wasserportal.berlin.de/station.php?anzeige=g&thema=gws&station=139,normal,https://wasserportal.berlin.de/station.php?anzeige=i&thema=gws&station=139
144,Mitte,"GW-Stand, tagesaktuell",Hauptgrundwasserleiter (GWL 1.3 + 2),ungespannt,19.06.2026,30.83,4.57,https://wasserportal.berlin.de/station.php?anzeige=g&thema=gws&station=144,sehr hoch,https://wasserportal.berlin.de/station.php?anzeige=i&thema=gws&station=144
145,Reinickendorf,GW-Stand + GW-Güte,Hauptgrundwasserleiter (GWL 1.3 + 2),ungespannt,27.05.2026,32.08,9.08,https://wasserportal.berlin.de/station.php?anzeige=g&thema=gws&station=145,extrem niedrig,https://wasserportal.berlin.de/station.php?anzeige=i&thema=gws&station=145
146,Reinickendorf,GW-Stand,Hauptgrundwasserleiter (GWL 1.3 + 2),gespannt,01.06.2026,31.74,keine Angabe,https://wasserportal.berlin.de/station.php?anzeige=g&thema=gws&station=146,extrem niedrig,https://wasserportal.berlin.de/station.php?anzeige=i&thema=gws&station=146
147,Charlottenburg-Wilmersdorf,"GW-Stand, tagesaktuell",Hauptgrundwasserleiter (GWL 1.3 + 2),ungespannt,19.06.2026,30.79,3.13,https://wasserportal.berlin.de/station.php?anzeige=g&thema=gws&station=147,normal,https://wasserportal.berlin.de/station.php?anzeige=i&thema=gws&station=147
149,Mitte,GW-Stand + GW-Güte,Hauptgrundwasserleiter (GWL 1.3 + 2),ungespannt,04.06.2026,31.11,2.98,https://wasserportal.berlin.de/station.php?anzeige=g&thema=gws&station=149,normal,https://wasserportal.berlin.de/station.php?anzeige=i&thema=gws&station=149
150,Reinickendorf,"GW-Stand, tagesaktuell",Hauptgrundwasserleiter (GWL 1.3 + 2),gespannt,19.06.2026,36.41,keine Angabe,https://wasserportal.berlin.de/station.php?anzeige=g&thema=gws&station=150,extrem niedrig,https://wasserportal.berlin.de/station.php?anzeige=i&thema=gws&station=150
152,Spandau,GW-Stand,Hauptgrundwasserleiter (GWL 1.3 + 2),ungespannt,31.03.2026,28.92,3.48,https://wasserportal.berlin.de/station.php?anzeige=g&thema=gws&station=152,keine,https://wasserportal.berlin.de/station.php?anzeige=i&thema=gws&station=152
153,Neukölln,"GW-Stand, tagesaktuell",Hauptgrundwasserleiter (GWL 1.3 + 2),gespannt,17.06.2026,36.31,keine Angabe,https://wasserportal.berlin.de/station.php?anzeige=g&thema=gws&station=153,niedrig,https://wasserportal.berlin.de/station.php?anzeige=i&thema=gws&station=153
154,Neukölln,GW-Stand,Hauptgrundwasserleiter (GWL 1.3 + 2),gespannt,28.05.2026,34.64,keine Angabe,https://wasserportal.berlin.de/station.php?anzeige=g&thema=gws&station=154,niedrig,https://wasserportal.berlin.de/station.php?anzeige=i&thema=gws&station=154
155,Neukölln,GW-Stand,Hauptgrundwasserleiter (GWL 1.3 + 2),gespannt,28.05.2026,35.11,keine Angabe,https://wasserportal.berlin.de/station.php?anzeige=g&thema=gws&station=155,niedrig,https://wasserportal.berlin.de/station.php?anzeige=i&thema=gws&station=155
157,Reinickendorf,GW-Stand,Weitere,ungespannt,01.06.2026,37.76,9.69,https://wasserportal.berlin.de/station.php?anzeige=g&thema=gws&station=157,keine,https://wasserportal.berlin.de/station.php?anzeige=i&thema=gws&station=157
161,Neukölln,GW-Stand,Hauptgrundwasserleiter (GWL 1.3 + 2),gespannt,15.05.2026,34.22,keine Angabe,https://wasserportal.berlin.de/station.php?anzeige=g&thema=gws&station=161,niedrig,https://wasserportal.berlin.de/station.php?anzeige=i&thema=gws&station=161
162,Neukölln,GW-Stand,Hauptgrundwasserleiter (GWL 1.3 + 2),gespannt,03.06.2026,33.80,keine Angabe,https://wasserportal.berlin.de/station.php?anzeige=g&thema=gws&station=162,sehr niedrig,https://wasserportal.berlin.de/station.php?anzeige=i&thema=gws&station=162
164,Mitte,GW-Stand,Hauptgrundwasserleiter (GWL 1.3 + 2),ungespannt,04.06.2026,31.35,2.45,https://wasserportal.berlin.de/station.php?anzeige=g&thema=gws&station=164,normal,https://wasserportal.berlin.de/station.php?anzeige=i&thema=gws&station=164
165,Tempelhof-Schöneberg,GW-Stand,Hauptgrundwasserleiter (GWL 1.3 + 2),ungespannt,03.06.2026,32.55,10.83,https://wasserportal.berlin.de/station.php?anzeige=g&thema=gws&station=165,sehr niedrig,https://wasserportal.berlin.de/station.php?anzeige=i&thema=gws&station=165
169,Steglitz-Zehlendorf,GW-Stand,Hauptgrundwasserleiter (GWL 1.3 + 2),gespannt,26.05.2026,34.93,keine Angabe,https://wasserportal.berlin.de/station.php?anzeige=g&thema=gws&station=169,extrem niedrig,https://wasserportal.berlin.de/station.php?anzeige=i&thema=gws&station=169
173,Tempelhof-Schöneberg,GW-Stand,Hauptgrundwasserleiter (GWL 1.3 + 2),gespannt,26.05.2026,37.90,keine Angabe,https://wasserportal.berlin.de/station.php?anzeige=g&thema=gws&station=173,sehr niedrig,https://wasserportal.berlin.de/station.php?anzeige=i&thema=gws&station=173
176,Reinickendorf,GW-Stand,Hauptgrundwasserleiter (GWL 1.3 + 2),gespannt,01.06.2026,33.54,keine Angabe,https://wasserportal.berlin.de/station.php?anzeige=g&thema=gws&station=176,extrem niedrig,https://wasserportal.berlin.de/station.php?anzeige=i&thema=gws&station=176
178,Tempelhof-Schöneberg,GW-Stand,Hauptgrundwasserleiter (GWL 1.3 + 2),gespannt,03.06.2026,33.67,keine Angabe,https://wasserportal.berlin.de/station.php?anzeige=g&thema=gws&station=178,extrem niedrig,https://wasserportal.berlin.de/station.php?anzeige=i&thema=gws&station=178
181,Reinickendorf,"GW-Stand, tagesaktuell",Panketalgrundwasserleiter (GWL 1.2),ungespannt,19.06.2026,41.75,1.58,https://wasserportal.berlin.de/station.php?anzeige=g&thema=gws&station=181,niedrig,https://wasserportal.berlin.de/station.php?anzeige=i&thema=gws&station=181
182,Reinickendorf,"GW-Stand, tagesaktuell",Hauptgrundwasserleiter (GWL 1.3 + 2),ungespannt,19.06.2026,30.60,4.74,https://wasserportal.berlin.de/station.php?anzeige=g&thema=gws&station=182,sehr niedrig,https://wasserportal.berlin.de/station.php?anzeige=i&thema=gws&station=182
185,Reinickendorf,"GW-Stand, tagesaktuell",Hauptgrundwasserleiter (GWL 1.3 + 2),ungespannt,19.06.2026,30.21,5.28,https://wasserportal.berlin.de/station.php?anzeige=g&thema=gws&station=185,sehr niedrig,https://wasserportal.berlin.de/station.php?anzeige=i&thema=gws&station=185
200,Reinickendorf,"GW-Stand, tagesaktuell",Hauptgrundwasserleiter (GWL 1.3 + 2),ungespannt,19.06.2026,33.25,2.76,https://wasserportal.berlin.de/station.php?anzeige=g&thema=gws&station=200,sehr niedrig,https://wasserportal.berlin.de/station.php?anzeige=i&thema=gws&station=200
201,Reinickendorf,GW-Stand,Hauptgrundwasserleiter (GWL 1.3 + 2),gespannt,09.04.2026,33.67,keine Angabe,https://wasserportal.berlin.de/station.php?anzeige=g&thema=gws&station=201,keine,https://wasserportal.berlin.de/station.php?anzeige=i&thema=gws&station=201
202,Neukölln,GW-Stand,Hauptgrundwasserleiter (GWL 1.3 + 2),gespannt,28.05.2026,32.49,keine Angabe,https://wasserportal.berlin.de/station.php?anzeige=g&thema=gws&station=202,normal,https://wasserportal.berlin.de/station.php?anzeige=i&thema=gws&station=202
204,Neukölln,"GW-Stand, tagesaktuell",Hauptgrundwasserleiter (GWL 1.3 + 2),ungespannt,19.06.2026,32.67,2.55,https://wasserportal.berlin.de/station.php?anzeige=g&thema=gws&station=204,normal,https://wasserportal.berlin.de/station.php?anzeige=i&thema=gws&station=204
206,Neukölln,GW-Stand,Hauptgrundwasserleiter (GWL 1.3 + 2),ungespannt,15.04.2026,32.75,2.95,https://wasserportal.berlin.de/station.php?anzeige=g&thema=gws&station=206,keine,https://wasserportal.berlin.de/station.php?anzeige=i&thema=gws&station=206
209,Neukölln,"GW-Stand, tagesaktuell",Hauptgrundwasserleiter (GWL 1.3 + 2),ungespannt,19.06.2026,33.22,3.03,https://wasserportal.berlin.de/station.php?anzeige=g&thema=gws&station=209,keine,https://wasserportal.berlin.de/station.php?anzeige=i&thema=gws&station=209
211,Reinickendorf,"GW-Stand, tagesaktuell",Hauptgrundwasserleiter (GWL 1.3 + 2),ungespannt,19.06.2026,30.95,4.23,https://wasserportal.berlin.de/station.php?anzeige=g&thema=gws&station=211,sehr niedrig,https://wasserportal.berlin.de/station.php?anzeige=i&thema=gws&station=211
214,Mitte,"GW-Stand, tagesaktuell",Hauptgrundwasserleiter (GWL 1.3 + 2),ungespannt,19.06.2026,30.75,3.62,https://wasserportal.berlin.de/station.php?anzeige=g&thema=gws&station=214,niedrig,https://wasserportal.berlin.de/station.php?anzeige=i&thema=gws&station=214
221,Mitte,GW-Stand,Hauptgrundwasserleiter (GWL 1.3 + 2),ungespannt,11.05.2026,30.79,4.74,https://wasserportal.berlin.de/station.php?anzeige=g&thema=gws&station=221,normal,https://wasserportal.berlin.de/station.php?anzeige=i&thema=gws&station=221
230,Reinickendorf,GW-Stand,Hauptgrundwasserleiter (GWL 1.3 + 2),ungespannt,07.05.2026,39.47,5.73,https://wasserportal.berlin.de/station.php?anzeige=g&thema=gws&station=230,niedrig,https://wasserportal.berlin.de/station.php?anzeige=i&thema=gws&station=230
231,Steglitz-Zehlendorf,"GW-Stand, tagesaktuell",Hauptgrundwasserleiter (GWL 1.3 + 2),gespannt,18.06.2026,33.76,keine Angabe,https://wasserportal.berlin.de/station.php?anzeige=g&thema=gws&station=231,extrem niedrig,https://wasserportal.berlin.de/station.php?anzeige=i&thema=gws&station=231
232,Steglitz-Zehlendorf,GW-Stand,Hauptgrundwasserleiter (GWL 1.3 + 2),ungespannt,10.06.2026,33.60,10.79,https://wasserportal.berlin.de/station.php?anzeige=g&thema=gws&station=232,sehr niedrig,https://wasserportal.berlin.de/station.php?anzeige=i&thema=gws&station=232
237,Mitte,"GW-Stand, tagesaktuell",Hauptgrundwasserleiter (GWL 1.3 + 2),ungespannt,19.06.2026,30.80,6.38,https://wasserportal.berlin.de/station.php?anzeige=g&thema=gws&station=237,normal,https://wasserportal.berlin.de/station.php?anzeige=i&thema=gws&station=237
241,Charlottenburg-Wilmersdorf,"GW-Stand, tagesaktuell",Hauptgrundwasserleiter (GWL 1.3 + 2),ungespannt,19.06.2026,31.13,2.82,https://wasserportal.berlin.de/station.php?anzeige=g&thema=gws&station=241,sehr hoch,https://wasserportal.berlin.de/station.php?anzeige=i&thema=gws&station=241
243,Charlottenburg-Wilmersdorf,GW-Stand,Hauptgrundwasserleiter (GWL 1.3 + 2),ungespannt,21.05.2026,31.59,3.06,https://wasserportal.berlin.de/station.php?anzeige=g&thema=gws&station=243,normal,https://wasserportal.berlin.de/station.php?anzeige=i&thema=gws&station=243
247,Reinickendorf,GW-Stand,Weitere,ungespannt,27.05.2026,37.62,14.64,https://wasserportal.berlin.de/station.php?anzeige=g&thema=gws&station=247,extrem niedrig,https://wasserportal.berlin.de/station.php?anzeige=i&thema=gws&station=247
248,Reinickendorf,GW-Stand,Hauptgrundwasserleiter (GWL 1.3 + 2),gespannt,01.06.2026,35.15,keine Angabe,https://wasserportal.berlin.de/station.php?anzeige=g&thema=gws&station=248,extrem niedrig,https://wasserportal.berlin.de/station.php?anzeige=i&thema=gws&station=248
249,Tempelhof-Schöneberg,GW-Stand,Hauptgrundwasserleiter (GWL 1.3 + 2),ungespannt,08.06.2026,31.84,3.33,https://wasserportal.berlin.de/station.php?anzeige=g&thema=gws&station=249,normal,https://wasserportal.berlin.de/station.php?anzeige=i&thema=gws&station=249
251,Neukölln,GW-Stand,Hauptgrundwasserleiter (GWL 1.3 + 2),ungespannt,30.03.2026,32.56,18.43,https://wasserportal.berlin.de/station.php?anzeige=g&thema=gws&station=251,keine,https://wasserportal.berlin.de/station.php?anzeige=i&thema=gws&station=251
252,Friedrichshain-Kreuzberg,GW-Stand,Hauptgrundwasserleiter (GWL 1.3 + 2),ungespannt,04.06.2026,31.56,3.37,https://wasserportal.berlin.de/station.php?anzeige=g&thema=gws&station=252,normal,https://wasserportal.berlin.de/station.php?anzeige=i&thema=gws&station=252
253,Tempelhof-Schöneberg,GW-Stand,Hauptgrundwasserleiter (GWL 1.3 + 2),ungespannt,31.03.2026,31.88,3.29,https://wasserportal.berlin.de/station.php?anzeige=g&thema=gws&station=253,keine,https://wasserportal.berlin.de/station.php?anzeige=i&thema=gws&station=253
258,Mitte,GW-Stand,Hauptgrundwasserleiter (GWL 1.3 + 2),ungespannt,11.05.2026,30.81,2.85,https://wasserportal.berlin.de/station.php?anzeige=g&thema=gws&station=258,normal,https://wasserportal.berlin.de/station.php?anzeige=i&thema=gws&station=258
259,Mitte,GW-Stand,Hauptgrundwasserleiter (GWL 1.3 + 2),ungespannt,11.05.2026,30.78,3.12,https://wasserportal.berlin.de/station.php?anzeige=g&thema=gws&station=259,normal,https://wasserportal.berlin.de/station.php?anzeige=i&thema=gws&station=259
262,Charlottenburg-Wilmersdorf,GW-Stand,Hauptgrundwasserleiter (GWL 1.3 + 2),ungespannt,08.06.2026,32.26,6.16,https://wasserportal.berlin.de/station.php?anzeige=g&thema=gws&station=262,niedrig,https://wasserportal.berlin.de/station.php?anzeige=i&thema=gws&station=262
268,Reinickendorf,GW-Stand,Hauptgrundwasserleiter (GWL 1.3 + 2),gespannt,08.05.2026,35.53,keine Angabe,https://wasserportal.berlin.de/station.php?anzeige=g&thema=gws&station=268,niedrig,https://wasserportal.berlin.de/station.php?anzeige=i&thema=gws&station=268
282,Mitte,GW-Stand + GW-Güte,Hauptgrundwasserleiter (GWL 1.3 + 2),gespannt,12.05.2026,32.80,keine Angabe,https://wasserportal.berlin.de/station.php?anzeige=g&thema=gws&station=282,normal,https://wasserportal.berlin.de/station.php?anzeige=i&thema=gws&station=282
293,Mitte,GW-Stand,Hauptgrundwasserleiter (GWL 1.3 + 2),ungespannt,12.05.2026,37.41,3.72,https://wasserportal.berlin.de/station.php?anzeige=g&thema=gws&station=293,normal,https://wasserportal.berlin.de/station.php?anzeige=i&thema=gws&station=293
294,Mitte,GW-Stand,Hauptgrundwasserleiter (GWL 1.3 + 2),ungespannt,12.05.2026,37.38,3.75,https://wasserportal.berlin.de/station.php?anzeige=g&thema=gws&station=294,normal,https://wasserportal.berlin.de/station.php?anzeige=i&thema=gws&station=294
305,Steglitz-Zehlendorf,GW-Stand,Hauptgrundwasserleiter (GWL 1.3 + 2),gespannt,09.06.2026,33.99,keine Angabe,https://wasserportal.berlin.de/station.php?anzeige=g&thema=gws&station=305,extrem niedrig,https://wasserportal.berlin.de/station.php?anzeige=i&thema=gws&station=305
312,Charlottenburg-Wilmersdorf,GW-Stand,Hauptgrundwasserleiter (GWL 1.3 + 2),ungespannt,21.05.2026,30.63,3.46,https://wasserportal.berlin.de/station.php?anzeige=g&thema=gws&station=312,normal,https://wasserportal.berlin.de/station.php?anzeige=i&thema=gws&station=312
319,Reinickendorf,GW-Stand,Hauptgrundwasserleiter (GWL 1.3 + 2),gespannt,08.05.2026,39.76,keine Angabe,https://wasserportal.berlin.de/station.php?anzeige=g&thema=gws&station=319,niedrig,https://wasserportal.berlin.de/station.php?anzeige=i&thema=gws&station=319
325,Charlottenburg-Wilmersdorf,GW-Stand,Hauptgrundwasserleiter (GWL 1.3 + 2),ungespannt,21.05.2026,30.81,2.98,https://wasserportal.berlin.de/station.php?anzeige=g&thema=gws&station=325,normal,https://wasserportal.berlin.de/station.php?anzeige=i&thema=gws&station=325
326,Charlottenburg-Wilmersdorf,GW-Stand,Hauptgrundwasserleiter (GWL 1.3 + 2),gespannt,21.05.2026,30.72,keine Angabe,https://wasserportal.berlin.de/station.php?anzeige=g&thema=gws&station=326,normal,https://wasserportal.berlin.de/station.php?anzeige=i&thema=gws&station=326
328,Spandau,GW-Stand,Hauptgrundwasserleiter (GWL 1.3 + 2),ungespannt,11.06.2026,29.41,4.21,https://wasserportal.berlin.de/station.php?anzeige=g&thema=gws&station=328,extrem niedrig,https://wasserportal.berlin.de/station.php?anzeige=i&thema=gws&station=328
330,Reinickendorf,GW-Stand,Weitere,gespannt,12.05.2026,39.32,keine Angabe,https://wasserportal.berlin.de/station.php?anzeige=g&thema=gws&station=330,normal,https://wasserportal.berlin.de/station.php?anzeige=i&thema=gws&station=330
340,Reinickendorf,"GW-Stand, tagesaktuell",Hauptgrundwasserleiter (GWL 1.3 + 2),ungespannt,19.06.2026,31.15,2.32,https://wasserportal.berlin.de/station.php?anzeige=g&thema=gws&station=340,extrem niedrig,https://wasserportal.berlin.de/station.php?anzeige=i&thema=gws&station=340
343,Spandau,GW-Stand,Hauptgrundwasserleiter (GWL 1.3 + 2),ungespannt,11.06.2026,29.50,3.93,https://wasserportal.berlin.de/station.php?anzeige=g&thema=gws&station=343,niedrig,https://wasserportal.berlin.de/station.php?anzeige=i&thema=gws&station=343
344,Spandau,GW-Stand + GW-Güte,Hauptgrundwasserleiter (GWL 1.3 + 2),ungespannt,04.06.2026,29.31,4.28,https://wasserportal.berlin.de/station.php?anzeige=g&thema=gws&station=344,sehr niedrig,https://wasserportal.berlin.de/station.php?anzeige=i&thema=gws&station=344
345,Spandau,GW-Stand,Hauptgrundwasserleiter (GWL 1.3 + 2),ungespannt,29.05.2026,29.82,3.07,https://wasserportal.berlin.de/station.php?anzeige=g&thema=gws&station=345,extrem niedrig,https://wasserportal.berlin.de/station.php?anzeige=i&thema=gws&station=345
358,Reinickendorf,"GW-Stand, tagesaktuell + GW-Güte",Hauptgrundwasserleiter (GWL 1.3 + 2),ungespannt,19.06.2026,30.79,3.31,https://wasserportal.berlin.de/station.php?anzeige=g&thema=gws&station=358,extrem niedrig,https://wasserportal.berlin.de/station.php?anzeige=i&thema=gws&station=358
363,Mitte,GW-Stand,Hauptgrundwasserleiter (GWL 1.3 + 2),ungespannt,08.06.2026,30.80,2.95,https://wasserportal.berlin.de/station.php?anzeige=g&thema=gws&station=363,normal,https://wasserportal.berlin.de/station.php?anzeige=i&thema=gws&station=363
366,Mitte,GW-Stand,Hauptgrundwasserleiter (GWL 1.3 + 2),ungespannt,04.06.2026,31.31,3.56,https://wasserportal.berlin.de/station.php?anzeige=g&thema=gws&station=366,normal,https://wasserportal.berlin.de/station.php?anzeige=i&thema=gws&station=366
370,Mitte,GW-Stand,Hauptgrundwasserleiter (GWL 1.3 + 2),ungespannt,08.06.2026,30.78,3.38,https://wasserportal.berlin.de/station.php?anzeige=g&thema=gws&station=370,niedrig,https://wasserportal.berlin.de/station.php?anzeige=i&thema=gws&station=370
377,Spandau,GW-Stand,Hauptgrundwasserleiter (GWL 1.3 + 2),ungespannt,29.05.2026,29.46,2.84,https://wasserportal.berlin.de/station.php?anzeige=g&thema=gws&station=377,normal,https://wasserportal.berlin.de/station.php?anzeige=i&thema=gws&station=377
380,Spandau,GW-Stand,Hauptgrundwasserleiter (GWL 1.3 + 2),gespannt,19.05.2026,29.35,keine Angabe,https://wasserportal.berlin.de/station.php?anzeige=g&thema=gws&station=380,niedrig,https://wasserportal.berlin.de/station.php?anzeige=i&thema=gws&station=380
384,Spandau,GW-Stand,Hauptgrundwasserleiter (GWL 1.3 + 2),ungespannt,29.05.2026,29.70,3.15,https://wasserportal.berlin.de/station.php?anzeige=g&thema=gws&station=384,sehr niedrig,https://wasserportal.berlin.de/station.php?anzeige=i&thema=gws&station=384
399,Reinickendorf,GW-Stand,Hauptgrundwasserleiter (GWL 1.3 + 2),ungespannt,08.05.2026,32.74,4.79,https://wasserportal.berlin.de/station.php?anzeige=g&thema=gws&station=399,sehr niedrig,https://wasserportal.berlin.de/station.php?anzeige=i&thema=gws&station=399
401,Reinickendorf,"GW-Stand, tagesaktuell",Hauptgrundwasserleiter (GWL 1.3 + 2),gespannt,19.06.2026,31.12,keine Angabe,https://wasserportal.berlin.de/station.php?anzeige=g&thema=gws&station=401,sehr niedrig,https://wasserportal.berlin.de/station.php?anzeige=i&thema=gws&station=401
404,Mitte,GW-Stand,Hauptgrundwasserleiter (GWL 1.3 + 2),ungespannt,12.05.2026,31.63,5.19,https://wasserportal.berlin.de/station.php?anzeige=g&thema=gws&station=404,normal,https://wasserportal.berlin.de/station.php?anzeige=i&thema=gws&station=404
405,Mitte,GW-Stand,Hauptgrundwasserleiter (GWL 1.3 + 2),ungespannt,12.05.2026,31.44,4.00,https://wasserportal.berlin.de/station.php?anzeige=g&thema=gws&station=405,normal,https://wasserportal.berlin.de/station.php?anzeige=i&thema=gws&station=405
407,Charlottenburg-Wilmersdorf,GW-Stand,Hauptgrundwasserleiter (GWL 1.3 + 2),ungespannt,11.05.2026,30.69,2.76,https://wasserportal.berlin.de/station.php?anzeige=g&thema=gws&station=407,hoch,https://wasserportal.berlin.de/station.php?anzeige=i&thema=gws&station=407
425,Charlottenburg-Wilmersdorf,GW-Stand,Hauptgrundwasserleiter (GWL 1.3 + 2),gespannt,21.05.2026,30.63,keine Angabe,https://wasserportal.berlin.de/station.php?anzeige=g&thema=gws&station=425,normal,https://wasserportal.berlin.de/station.php?anzeige=i&thema=gws&station=425
426,Charlottenburg-Wilmersdorf,"GW-Stand, tagesaktuell",Hauptgrundwasserleiter (GWL 1.3 + 2),ungespannt,19.06.2026,31.05,3.38,https://wasserportal.berlin.de/station.php?anzeige=g&thema=gws&station=426,normal,https://wasserportal.berlin.de/station.php?anzeige=i&thema=gws&station=426
429,Charlottenburg-Wilmersdorf,GW-Stand,Hauptgrundwasserleiter (GWL 1.3 + 2),gespannt,21.05.2026,30.74,keine Angabe,https://wasserportal.berlin.de/station.php?anzeige=g&thema=gws&station=429,normal,https://wasserportal.berlin.de/station.php?anzeige=i&thema=gws&station=429
430,Charlottenburg-Wilmersdorf,GW-Stand,Hauptgrundwasserleiter (GWL 1.3 + 2),gespannt,21.05.2026,30.81,keine Angabe,https://wasserportal.berlin.de/station.php?anzeige=g&thema=gws&station=430,normal,https://wasserportal.berlin.de/station.php?anzeige=i&thema=gws&station=430
432,Charlottenburg-Wilmersdorf,GW-Stand,Hauptgrundwasserleiter (GWL 1.3 + 2),ungespannt,21.05.2026,30.88,5.72,https://wasserportal.berlin.de/station.php?anzeige=g&thema=gws&station=432,normal,https://wasserportal.berlin.de/station.php?anzeige=i&thema=gws&station=432
439,Charlottenburg-Wilmersdorf,GW-Stand,Hauptgrundwasserleiter (GWL 1.3 + 2),ungespannt,21.05.2026,31.78,3.25,https://wasserportal.berlin.de/station.php?anzeige=g&thema=gws&station=439,normal,https://wasserportal.berlin.de/station.php?anzeige=i&thema=gws&station=439
440,Spandau,GW-Stand,Hauptgrundwasserleiter (GWL 1.3 + 2),ungespannt,04.06.2026,28.42,4.24,https://wasserportal.berlin.de/station.php?anzeige=g&thema=gws&station=440,extrem niedrig,https://wasserportal.berlin.de/station.php?anzeige=i&thema=gws&station=440
446,Charlottenburg-Wilmersdorf,GW-Stand,Hauptgrundwasserleiter (GWL 1.3 + 2),gespannt,21.05.2026,31.36,keine Angabe,https://wasserportal.berlin.de/station.php?anzeige=g&thema=gws&station=446,normal,https://wasserportal.berlin.de/station.php?anzeige=i&thema=gws&station=446
492,Neukölln,GW-Stand,Hauptgrundwasserleiter (GWL 1.3 + 2),ungespannt,20.05.2026,32.30,2.39,https://wasserportal.berlin.de/station.php?anzeige=g&thema=gws&station=492,normal,https://wasserportal.berlin.de/station.php?anzeige=i&thema=gws&station=492
496,Neukölln,GW-Stand,Hauptgrundwasserleiter (GWL 1.3 + 2),ungespannt,28.05.2026,33.25,3.63,https://wasserportal.berlin.de/station.php?anzeige=g&thema=gws&station=496,niedrig,https://wasserportal.berlin.de/station.php?anzeige=i&thema=gws&station=496
499,Neukölln,GW-Stand + GW-Güte,Hauptgrundwasserleiter (GWL 1.3 + 2),gespannt,23.03.2026,33.56,keine Angabe,https://wasserportal.berlin.de/station.php?anzeige=g&thema=gws&station=499,keine,https://wasserportal.berlin.de/station.php?anzeige=i&thema=gws&station=499
500,Neukölln,"GW-Stand, tagesaktuell",Hauptgrundwasserleiter (GWL 1.3 + 2),gespannt,19.06.2026,33.29,keine Angabe,https://wasserportal.berlin.de/station.php?anzeige=g&thema=gws&station=500,keine,https://wasserportal.berlin.de/station.php?anzeige=i&thema=gws&station=500
501,Neukölln,"GW-Stand, tagesaktuell",Hauptgrundwasserleiter (GWL 1.3 + 2),gespannt,19.06.2026,33.12,keine Angabe,https://wasserportal.berlin.de/station.php?anzeige=g&thema=gws&station=501,keine,https://wasserportal.berlin.de/station.php?anzeige=i&thema=gws&station=501
510,Spandau,GW-Stand,Hauptgrundwasserleiter (GWL 1.3 + 2),ungespannt,30.04.2026,29.00,4.39,https://wasserportal.berlin.de/station.php?anzeige=g&thema=gws&station=510,sehr niedrig,https://wasserportal.berlin.de/station.php?anzeige=i&thema=gws&station=510
511,Spandau,GW-Stand,Hauptgrundwasserleiter (GWL 1.3 + 2),ungespannt,11.06.2026,30.68,2.56,https://wasserportal.berlin.de/station.php?anzeige=g&thema=gws&station=511,sehr niedrig,https://wasserportal.berlin.de/station.php?anzeige=i&thema=gws&station=511
513,Spandau,"GW-Stand, tagesaktuell",Hauptgrundwasserleiter (GWL 1.3 + 2),ungespannt,19.06.2026,29.84,3.38,https://wasserportal.berlin.de/station.php?anzeige=g&thema=gws&station=513,normal,https://wasserportal.berlin.de/station.php?anzeige=i&thema=gws&station=513
516,Spandau,GW-Stand,Hauptgrundwasserleiter (GWL 1.3 + 2),gespannt,04.06.2026,29.38,keine Angabe,https://wasserportal.berlin.de/station.php?anzeige=g&thema=gws&station=516,sehr niedrig,https://wasserportal.berlin.de/station.php?anzeige=i&thema=gws&station=516
518,Spandau,"GW-Stand, tagesaktuell",Hauptgrundwasserleiter (GWL 1.3 + 2),ungespannt,19.06.2026,28.55,4.86,https://wasserportal.berlin.de/station.php?anzeige=g&thema=gws&station=518,extrem niedrig,https://wasserportal.berlin.de/station.php?anzeige=i&thema=gws&station=518
520,Spandau,"GW-Stand, tagesaktuell",Hauptgrundwasserleiter (GWL 1.3 + 2),gespannt,17.06.2026,29.18,keine Angabe,https://wasserportal.berlin.de/station.php?anzeige=g&thema=gws&station=520,sehr niedrig,https://wasserportal.berlin.de/station.php?anzeige=i&thema=gws&station=520
522,Spandau,GW-Stand,Hauptgrundwasserleiter (GWL 1.3 + 2),ungespannt,04.06.2026,28.31,4.43,https://wasserportal.berlin.de/station.php?anzeige=g&thema=gws&station=522,extrem niedrig,https://wasserportal.berlin.de/station.php?anzeige=i&thema=gws&station=522
552,Mitte,GW-Stand,Hauptgrundwasserleiter (GWL 1.3 + 2),ungespannt,11.05.2026,30.74,5.30,https://wasserportal.berlin.de/station.php?anzeige=g&thema=gws&station=552,normal,https://wasserportal.berlin.de/station.php?anzeige=i&thema=gws&station=552
553,Spandau,GW-Stand,Hauptgrundwasserleiter (GWL 1.3 + 2),ungespannt,29.05.2026,29.16,4.67,https://wasserportal.berlin.de/station.php?anzeige=g&thema=gws&station=553,niedrig,https://wasserportal.berlin.de/station.php?anzeige=i&thema=gws&station=553
554,Mitte,GW-Stand,Hauptgrundwasserleiter (GWL 1.3 + 2),ungespannt,08.06.2026,30.81,2.88,https://wasserportal.berlin.de/station.php?anzeige=g&thema=gws&station=554,normal,https://wasserportal.berlin.de/station.php?anzeige=i&thema=gws&station=554
558,Mitte,GW-Stand,Hauptgrundwasserleiter (GWL 1.3 + 2),ungespannt,11.05.2026,30.80,3.16,https://wasserportal.berlin.de/station.php?anzeige=g&thema=gws&station=558,normal,https://wasserportal.berlin.de/station.php?anzeige=i&thema=gws&station=558
561,Mitte,"GW-Stand, tagesaktuell",Hauptgrundwasserleiter (GWL 1.3 + 2),ungespannt,19.06.2026,30.74,2.58,https://wasserportal.berlin.de/station.php?anzeige=g&thema=gws&station=561,niedrig,https://wasserportal.berlin.de/station.php?anzeige=i&thema=gws&station=561
562,Mitte,GW-Stand,Hauptgrundwasserleiter (GWL 1.3 + 2),ungespannt,11.05.2026,30.78,2.65,https://wasserportal.berlin.de/station.php?anzeige=g&thema=gws&station=562,hoch,https://wasserportal.berlin.de/station.php?anzeige=i&thema=gws&station=562
563,Mitte,GW-Stand,Hauptgrundwasserleiter (GWL 1.3 + 2),ungespannt,11.05.2026,30.78,4.53,https://wasserportal.berlin.de/station.php?anzeige=g&thema=gws&station=563,hoch,https://wasserportal.berlin.de/station.php?anzeige=i&thema=gws&station=563
564,Mitte,GW-Stand,Hauptgrundwasserleiter (GWL 1.3 + 2),ungespannt,11.05.2026,30.83,5.41,https://wasserportal.berlin.de/station.php?anzeige=g&thema=gws&station=564,normal,https://wasserportal.berlin.de/station.php?anzeige=i&thema=gws&station=564
569,Charlottenburg-Wilmersdorf,GW-Stand,Hauptgrundwasserleiter (GWL 1.3 + 2),ungespannt,21.05.2026,30.74,4.23,https://wasserportal.berlin.de/station.php?anzeige=g&thema=gws&station=569,normal,https://wasserportal.berlin.de/station.php?anzeige=i&thema=gws&station=569
576,Mitte,GW-Stand,Hauptgrundwasserleiter (GWL 1.3 + 2),ungespannt,19.05.2026,31.87,5.42,https://wasserportal.berlin.de/station.php?anzeige=g&thema=gws&station=576,normal,https://wasserportal.berlin.de/station.php?anzeige=i&thema=gws&station=576
577,Mitte,GW-Stand,Hauptgrundwasserleiter (GWL 1.3 + 2),gespannt,12.05.2026,36.92,keine Angabe,https://wasserportal.berlin.de/station.php?anzeige=g&thema=gws&station=577,normal,https://wasserportal.berlin.de/station.php?anzeige=i&thema=gws&station=577
580,Friedrichshain-Kreuzberg,GW-Stand + GW-Güte,Hauptgrundwasserleiter (GWL 1.3 + 2),ungespannt,31.03.2026,32.00,1.93,https://wasserportal.berlin.de/station.php?anzeige=g&thema=gws&station=580,keine,https://wasserportal.berlin.de/station.php?anzeige=i&thema=gws&station=580
581,Friedrichshain-Kreuzberg,GW-Stand,Hauptgrundwasserleiter (GWL 1.3 + 2),gespannt,04.06.2026,31.83,keine Angabe,https://wasserportal.berlin.de/station.php?anzeige=g&thema=gws&station=581,normal,https://wasserportal.berlin.de/station.php?anzeige=i&thema=gws&station=581
583,Friedrichshain-Kreuzberg,GW-Stand,Hauptgrundwasserleiter (GWL 1.3 + 2),gespannt,04.06.2026,32.09,keine Angabe,https://wasserportal.berlin.de/station.php?anzeige=g&thema=gws&station=583,normal,https://wasserportal.berlin.de/station.php?anzeige=i&thema=gws&station=583
584,Friedrichshain-Kreuzberg,GW-Stand,Hauptgrundwasserleiter (GWL 1.3 + 2),ungespannt,04.06.2026,31.82,3.35,https://wasserportal.berlin.de/station.php?anzeige=g&thema=gws&station=584,normal,https://wasserportal.berlin.de/station.php?anzeige=i&thema=gws&station=584
585,Friedrichshain-Kreuzberg,"GW-Stand, tagesaktuell",Hauptgrundwasserleiter (GWL 1.3 + 2),ungespannt,19.06.2026,31.92,3.15,https://wasserportal.berlin.de/station.php?anzeige=g&thema=gws&station=585,normal,https://wasserportal.berlin.de/station.php?anzeige=i&thema=gws&station=585
587,Friedrichshain-Kreuzberg,GW-Stand,Hauptgrundwasserleiter (GWL 1.3 + 2),ungespannt,20.05.2026,32.17,3.84,https://wasserportal.berlin.de/station.php?anzeige=g&thema=gws&station=587,normal,https://wasserportal.berlin.de/station.php?anzeige=i&thema=gws&station=587
591,Friedrichshain-Kreuzberg,GW-Stand,Hauptgrundwasserleiter (GWL 1.3 + 2),ungespannt,20.05.2026,32.36,2.62,https://wasserportal.berlin.de/station.php?anzeige=g&thema=gws&station=591,normal,https://wasserportal.berlin.de/station.php?anzeige=i&thema=gws&station=591
594,Friedrichshain-Kreuzberg,GW-Stand,Hauptgrundwasserleiter (GWL 1.3 + 2),ungespannt,20.05.2026,32.00,2.30,https://wasserportal.berlin.de/station.php?anzeige=g&thema=gws&station=594,sehr niedrig,https://wasserportal.berlin.de/station.php?anzeige=i&thema=gws&station=594
595,Friedrichshain-Kreuzberg,GW-Stand,Hauptgrundwasserleiter (GWL 1.3 + 2),ungespannt,13.05.2026,32.11,2.64,https://wasserportal.berlin.de/station.php?anzeige=g&thema=gws&station=595,sehr niedrig,https://wasserportal.berlin.de/station.php?anzeige=i&thema=gws&station=595
596,Friedrichshain-Kreuzberg,GW-Stand,Hauptgrundwasserleiter (GWL 1.3 + 2),ungespannt,20.05.2026,32.03,3.22,https://wasserportal.berlin.de/station.php?anzeige=g&thema=gws&station=596,normal,https://wasserportal.berlin.de/station.php?anzeige=i&thema=gws&station=596
597,Friedrichshain-Kreuzberg,GW-Stand,Hauptgrundwasserleiter (GWL 1.3 + 2),ungespannt,20.05.2026,32.04,2.19,https://wasserportal.berlin.de/station.php?anzeige=g&thema=gws&station=597,sehr niedrig,https://wasserportal.berlin.de/station.php?anzeige=i&thema=gws&station=597
603,Charlottenburg-Wilmersdorf,GW-Stand,Hauptgrundwasserleiter (GWL 1.3 + 2),ungespannt,21.05.2026,30.81,6.43,https://wasserportal.berlin.de/station.php?anzeige=g&thema=gws&station=603,normal,https://wasserportal.berlin.de/station.php?anzeige=i&thema=gws&station=603
604,Charlottenburg-Wilmersdorf,GW-Stand + GW-Güte,Hauptgrundwasserleiter (GWL 1.3 + 2),ungespannt,21.05.2026,30.90,5.65,https://wasserportal.berlin.de/station.php?anzeige=g&thema=gws&station=604,normal,https://wasserportal.berlin.de/station.php?anzeige=i&thema=gws&station=604
605,Charlottenburg-Wilmersdorf,GW-Stand,Hauptgrundwasserleiter (GWL 1.3 + 2),ungespannt,21.05.2026,30.81,4.03,https://wasserportal.berlin.de/station.php?anzeige=g&thema=gws&station=605,keine,https://wasserportal.berlin.de/station.php?anzeige=i&thema=gws&station=605
606,Charlottenburg-Wilmersdorf,GW-Stand,Hauptgrundwasserleiter (GWL 1.3 + 2),ungespannt,21.05.2026,31.02,3.66,https://wasserportal.berlin.de/station.php?anzeige=g&thema=gws&station=606,normal,https://wasserportal.berlin.de/station.php?anzeige=i&thema=gws&station=606
607,Charlottenburg-Wilmersdorf,GW-Stand,Hauptgrundwasserleiter (GWL 1.3 + 2),gespannt,21.05.2026,31.08,keine Angabe,https://wasserportal.berlin.de/station.php?anzeige=g&thema=gws&station=607,normal,https://wasserportal.berlin.de/station.php?anzeige=i&thema=gws&station=607
608,Charlottenburg-Wilmersdorf,GW-Stand,Hauptgrundwasserleiter (GWL 1.3 + 2),gespannt,21.05.2026,31.06,keine Angabe,https://wasserportal.berlin.de/station.php?anzeige=g&thema=gws&station=608,normal,https://wasserportal.berlin.de/station.php?anzeige=i&thema=gws&station=608
609,Charlottenburg-Wilmersdorf,GW-Stand,Hauptgrundwasserleiter (GWL 1.3 + 2),ungespannt,14.04.2026,31.23,3.27,https://wasserportal.berlin.de/station.php?anzeige=g&thema=gws&station=609,keine,https://wasserportal.berlin.de/station.php?anzeige=i&thema=gws&station=609
610,Charlottenburg-Wilmersdorf,GW-Stand,Hauptgrundwasserleiter (GWL 1.3 + 2),gespannt,21.05.2026,31.25,keine Angabe,https://wasserportal.berlin.de/station.php?anzeige=g&thema=gws&station=610,normal,https://wasserportal.berlin.de/station.php?anzeige=i&thema=gws&station=610
621,Charlottenburg-Wilmersdorf,GW-Stand,Hauptgrundwasserleiter (GWL 1.3 + 2),ungespannt,29.05.2026,30.33,2.83,https://wasserportal.berlin.de/station.php?anzeige=g&thema=gws&station=621,normal,https://wasserportal.berlin.de/station.php?anzeige=i&thema=gws&station=621
622,Charlottenburg-Wilmersdorf,"GW-Stand, tagesaktuell",Hauptgrundwasserleiter (GWL 1.3 + 2),ungespannt,19.06.2026,30.11,3.24,https://wasserportal.berlin.de/station.php?anzeige=g&thema=gws&station=622,niedrig,https://wasserportal.berlin.de/station.php?anzeige=i&thema=gws&station=622
628,Charlottenburg-Wilmersdorf,GW-Stand,Hauptgrundwasserleiter (GWL 1.3 + 2),ungespannt,29.05.2026,30.76,3.15,https://wasserportal.berlin.de/station.php?anzeige=g&thema=gws&station=628,niedrig,https://wasserportal.berlin.de/station.php?anzeige=i&thema=gws&station=628
642,Charlottenburg-Wilmersdorf,GW-Stand,Hauptgrundwasserleiter (GWL 1.3 + 2),ungespannt,02.06.2026,29.45,3.34,https://wasserportal.berlin.de/station.php?anzeige=g&thema=gws&station=642,normal,https://wasserportal.berlin.de/station.php?anzeige=i&thema=gws&station=642
644,Tempelhof-Schöneberg,GW-Stand,Hauptgrundwasserleiter (GWL 1.3 + 2),gespannt,22.01.2026,33.81,keine Angabe,https://wasserportal.berlin.de/station.php?anzeige=g&thema=gws&station=644,keine,https://wasserportal.berlin.de/station.php?anzeige=i&thema=gws&station=644
645,Charlottenburg-Wilmersdorf,GW-Stand + GW-Güte,Hauptgrundwasserleiter (GWL 1.3 + 2),ungespannt,28.04.2026,29.55,8.76,https://wasserportal.berlin.de/station.php?anzeige=g&thema=gws&station=645,sehr hoch,https://wasserportal.berlin.de/station.php?anzeige=i&thema=gws&station=645
648,Charlottenburg-Wilmersdorf,GW-Stand,Hauptgrundwasserleiter (GWL 1.3 + 2),gespannt,02.06.2026,29.58,keine Angabe,https://wasserportal.berlin.de/station.php?anzeige=g&thema=gws&station=648,sehr hoch,https://wasserportal.berlin.de/station.php?anzeige=i&thema=gws&station=648
652,Charlottenburg-Wilmersdorf,"GW-Stand, tagesaktuell",Hauptgrundwasserleiter (GWL 1.3 + 2),ungespannt,19.06.2026,30.31,25.45,https://wasserportal.berlin.de/station.php?anzeige=g&thema=gws&station=652,keine,https://wasserportal.berlin.de/station.php?anzeige=i&thema=gws&station=652
654,Charlottenburg-Wilmersdorf,GW-Stand,Hauptgrundwasserleiter (GWL 1.3 + 2),ungespannt,21.05.2026,30.29,18.77,https://wasserportal.berlin.de/station.php?anzeige=g&thema=gws&station=654,normal,https://wasserportal.berlin.de/station.php?anzeige=i&thema=gws&station=654
658,Charlottenburg-Wilmersdorf,GW-Stand,Hauptgrundwasserleiter (GWL 1.3 + 2),gespannt,21.05.2026,30.83,keine Angabe,https://wasserportal.berlin.de/station.php?anzeige=g&thema=gws&station=658,hoch,https://wasserportal.berlin.de/station.php?anzeige=i&thema=gws&station=658
662,Charlottenburg-Wilmersdorf,GW-Stand,Hauptgrundwasserleiter (GWL 1.3 + 2),ungespannt,29.05.2026,30.60,5.34,https://wasserportal.berlin.de/station.php?anzeige=g&thema=gws&station=662,niedrig,https://wasserportal.berlin.de/station.php?anzeige=i&thema=gws&station=662
667,Charlottenburg-Wilmersdorf,GW-Stand,Hauptgrundwasserleiter (GWL 1.3 + 2),ungespannt,14.04.2026,30.75,4.63,https://wasserportal.berlin.de/station.php?anzeige=g&thema=gws&station=667,keine,https://wasserportal.berlin.de/station.php?anzeige=i&thema=gws&station=667
671,Charlottenburg-Wilmersdorf,GW-Stand,Hauptgrundwasserleiter (GWL 1.3 + 2),ungespannt,09.06.2026,31.24,6.42,https://wasserportal.berlin.de/station.php?anzeige=g&thema=gws&station=671,normal,https://wasserportal.berlin.de/station.php?anzeige=i&thema=gws&station=671
672,Charlottenburg-Wilmersdorf,GW-Stand,Hauptgrundwasserleiter (GWL 1.3 + 2),gespannt,21.05.2026,31.29,keine Angabe,https://wasserportal.berlin.de/station.php?anzeige=g&thema=gws&station=672,normal,https://wasserportal.berlin.de/station.php?anzeige=i&thema=gws&station=672
674,Charlottenburg-Wilmersdorf,GW-Stand,Hauptgrundwasserleiter (GWL 1.3 + 2),ungespannt,21.05.2026,31.44,3.68,https://wasserportal.berlin.de/station.php?anzeige=g&thema=gws&station=674,hoch,https://wasserportal.berlin.de/station.php?anzeige=i&thema=gws&station=674
676,Charlottenburg-Wilmersdorf,GW-Stand,Hauptgrundwasserleiter (GWL 1.3 + 2),gespannt,08.06.2026,31.76,keine Angabe,https://wasserportal.berlin.de/station.php?anzeige=g&thema=gws&station=676,niedrig,https://wasserportal.berlin.de/station.php?anzeige=i&thema=gws&station=676
677,Charlottenburg-Wilmersdorf,GW-Stand,Hauptgrundwasserleiter (GWL 1.3 + 2),ungespannt,21.05.2026,31.65,3.29,https://wasserportal.berlin.de/station.php?anzeige=g&thema=gws&station=677,normal,https://wasserportal.berlin.de/station.php?anzeige=i&thema=gws&station=677
678,Charlottenburg-Wilmersdorf,GW-Stand,Hauptgrundwasserleiter (GWL 1.3 + 2),ungespannt,08.06.2026,32.02,6.90,https://wasserportal.berlin.de/station.php?anzeige=g&thema=gws&station=678,normal,https://wasserportal.berlin.de/station.php?anzeige=i&thema=gws&station=678
683,Charlottenburg-Wilmersdorf,GW-Stand,Hauptgrundwasserleiter (GWL 1.3 + 2),ungespannt,08.06.2026,31.83,11.86,https://wasserportal.berlin.de/station.php?anzeige=g&thema=gws&station=683,extrem niedrig,https://wasserportal.berlin.de/station.php?anzeige=i&thema=gws&station=683
684,Charlottenburg-Wilmersdorf,GW-Stand,Hauptgrundwasserleiter (GWL 1.3 + 2),ungespannt,08.06.2026,31.79,11.59,https://wasserportal.berlin.de/station.php?anzeige=g&thema=gws&station=684,sehr niedrig,https://wasserportal.berlin.de/station.php?anzeige=i&thema=gws&station=684
685,Charlottenburg-Wilmersdorf,GW-Stand,Hauptgrundwasserleiter (GWL 1.3 + 2),gespannt,25.11.2025,30.21,keine Angabe,https://wasserportal.berlin.de/station.php?anzeige=g&thema=gws&station=685,keine,https://wasserportal.berlin.de/station.php?anzeige=i&thema=gws&station=685
693,Charlottenburg-Wilmersdorf,GW-Stand,Hauptgrundwasserleiter (GWL 1.3 + 2),ungespannt,28.04.2026,30.38,14.32,https://wasserportal.berlin.de/station.php?anzeige=g&thema=gws&station=693,extrem niedrig,https://wasserportal.berlin.de/station.php?anzeige=i&thema=gws&station=693
694,Charlottenburg-Wilmersdorf,GW-Stand,Hauptgrundwasserleiter (GWL 1.3 + 2),ungespannt,09.06.2026,31.13,10.89,https://wasserportal.berlin.de/station.php?anzeige=g&thema=gws&station=694,extrem niedrig,https://wasserportal.berlin.de/station.php?anzeige=i&thema=gws&station=694
697,Charlottenburg-Wilmersdorf,GW-Stand,Hauptgrundwasserleiter (GWL 1.3 + 2),ungespannt,02.06.2026,30.74,13.81,https://wasserportal.berlin.de/station.php?anzeige=g&thema=gws&station=697,extrem niedrig,https://wasserportal.berlin.de/station.php?anzeige=i&thema=gws&station=697
698,Charlottenburg-Wilmersdorf,GW-Stand,Hauptgrundwasserleiter (GWL 1.3 + 2),ungespannt,02.06.2026,30.97,8.30,https://wasserportal.berlin.de/station.php?anzeige=g&thema=gws&station=698,sehr niedrig,https://wasserportal.berlin.de/station.php?anzeige=i&thema=gws&station=698
700,Charlottenburg-Wilmersdorf,"GW-Stand, tagesaktuell",Hauptgrundwasserleiter (GWL 1.3 + 2),ungespannt,19.06.2026,30.05,12.38,https://wasserportal.berlin.de/station.php?anzeige=g&thema=gws&station=700,extrem niedrig,https://wasserportal.berlin.de/station.php?anzeige=i&thema=gws&station=700
702,Charlottenburg-Wilmersdorf,GW-Stand,Hauptgrundwasserleiter (GWL 1.3 + 2),ungespannt,08.06.2026,30.96,18.86,https://wasserportal.berlin.de/station.php?anzeige=g&thema=gws&station=702,extrem niedrig,https://wasserportal.berlin.de/station.php?anzeige=i&thema=gws&station=702
703,Charlottenburg-Wilmersdorf,GW-Stand,Hauptgrundwasserleiter (GWL 1.3 + 2),gespannt,08.06.2026,31.58,keine Angabe,https://wasserportal.berlin.de/station.php?anzeige=g&thema=gws&station=703,extrem niedrig,https://wasserportal.berlin.de/station.php?anzeige=i&thema=gws&station=703
710,Steglitz-Zehlendorf,GW-Stand,Hauptgrundwasserleiter (GWL 1.3 + 2),ungespannt,09.06.2026,34.95,5.41,https://wasserportal.berlin.de/station.php?anzeige=g&thema=gws&station=710,normal,https://wasserportal.berlin.de/station.php?anzeige=i&thema=gws&station=710
711,Steglitz-Zehlendorf,"GW-Stand, tagesaktuell",Hauptgrundwasserleiter (GWL 1.3 + 2),ungespannt,19.06.2026,32.21,19.95,https://wasserportal.berlin.de/station.php?anzeige=g&thema=gws&station=711,extrem niedrig,https://wasserportal.berlin.de/station.php?anzeige=i&thema=gws&station=711
712,Steglitz-Zehlendorf,GW-Stand,Hauptgrundwasserleiter (GWL 1.3 + 2),ungespannt,09.06.2026,33.63,17.26,https://wasserportal.berlin.de/station.php?anzeige=g&thema=gws&station=712,extrem niedrig,https://wasserportal.berlin.de/station.php?anzeige=i&thema=gws&station=712
720,Steglitz-Zehlendorf,GW-Stand,Hauptgrundwasserleiter (GWL 1.3 + 2),ungespannt,09.06.2026,34.87,7.77,https://wasserportal.berlin.de/station.php?anzeige=g&thema=gws&station=720,extrem niedrig,https://wasserportal.berlin.de/station.php?anzeige=i&thema=gws&station=720
721,Steglitz-Zehlendorf,GW-Stand,Hauptgrundwasserleiter (GWL 1.3 + 2),ungespannt,09.06.2026,32.19,9.42,https://wasserportal.berlin.de/station.php?anzeige=g&thema=gws&station=721,extrem niedrig,https://wasserportal.berlin.de/station.php?anzeige=i&thema=gws&station=721
726,Steglitz-Zehlendorf,GW-Stand,Hauptgrundwasserleiter (GWL 1.3 + 2),ungespannt,09.06.2026,34.72,4.83,https://wasserportal.berlin.de/station.php?anzeige=g&thema=gws&station=726,normal,https://wasserportal.berlin.de/station.php?anzeige=i&thema=gws&station=726
728,Steglitz-Zehlendorf,"GW-Stand, tagesaktuell",Hauptgrundwasserleiter (GWL 1.3 + 2),ungespannt,19.06.2026,31.23,9.41,https://wasserportal.berlin.de/station.php?anzeige=g&thema=gws&station=728,extrem niedrig,https://wasserportal.berlin.de/station.php?anzeige=i&thema=gws&station=728
729,Steglitz-Zehlendorf,GW-Stand,Hauptgrundwasserleiter (GWL 1.3 + 2),ungespannt,09.06.2026,33.48,7.35,https://wasserportal.berlin.de/station.php?anzeige=g&thema=gws&station=729,extrem niedrig,https://wasserportal.berlin.de/station.php?anzeige=i&thema=gws&station=729
731,Steglitz-Zehlendorf,GW-Stand,Hauptgrundwasserleiter (GWL 1.3 + 2),gespannt,08.05.2026,29.47,keine Angabe,https://wasserportal.berlin.de/station.php?anzeige=g&thema=gws&station=731,niedrig,https://wasserportal.berlin.de/station.php?anzeige=i&thema=gws&station=731
738,Steglitz-Zehlendorf,GW-Stand,Hauptgrundwasserleiter (GWL 1.3 + 2),gespannt,09.06.2026,30.27,keine Angabe,https://wasserportal.berlin.de/station.php?anzeige=g&thema=gws&station=738,extrem niedrig,https://wasserportal.berlin.de/station.php?anzeige=i&thema=gws&station=738
741,Tempelhof-Schöneberg,GW-Stand,Hauptgrundwasserleiter (GWL 1.3 + 2),ungespannt,21.05.2026,32.02,5.71,https://wasserportal.berlin.de/station.php?anzeige=g&thema=gws&station=741,normal,https://wasserportal.berlin.de/station.php?anzeige=i&thema=gws&station=741
742,Tempelhof-Schöneberg,GW-Stand,Hauptgrundwasserleiter (GWL 1.3 + 2),ungespannt,21.05.2026,31.63,3.60,https://wasserportal.berlin.de/station.php?anzeige=g&thema=gws&station=742,normal,https://wasserportal.berlin.de/station.php?anzeige=i&thema=gws&station=742
744,Tempelhof-Schöneberg,"GW-Stand, tagesaktuell",Hauptgrundwasserleiter (GWL 1.3 + 2),ungespannt,19.06.2026,31.94,3.82,https://wasserportal.berlin.de/station.php?anzeige=g&thema=gws&station=744,normal,https://wasserportal.berlin.de/station.php?anzeige=i&thema=gws&station=744
746,Tempelhof-Schöneberg,GW-Stand,Hauptgrundwasserleiter (GWL 1.3 + 2),ungespannt,08.06.2026,32.35,7.02,https://wasserportal.berlin.de/station.php?anzeige=g&thema=gws&station=746,niedrig,https://wasserportal.berlin.de/station.php?anzeige=i&thema=gws&station=746
747,Tempelhof-Schöneberg,GW-Stand,Hauptgrundwasserleiter (GWL 1.3 + 2),gespannt,19.05.2026,32.63,keine Angabe,https://wasserportal.berlin.de/station.php?anzeige=g&thema=gws&station=747,niedrig,https://wasserportal.berlin.de/station.php?anzeige=i&thema=gws&station=747
749,Tempelhof-Schöneberg,"GW-Stand, tagesaktuell",Hauptgrundwasserleiter (GWL 1.3 + 2),gespannt,19.06.2026,32.47,keine Angabe,https://wasserportal.berlin.de/station.php?anzeige=g&thema=gws&station=749,sehr niedrig,https://wasserportal.berlin.de/station.php?anzeige=i&thema=gws&station=749
750,Tempelhof-Schöneberg,GW-Stand,Hauptgrundwasserleiter (GWL 1.3 + 2),ungespannt,30.03.2026,32.99,10.57,https://wasserportal.berlin.de/station.php?anzeige=g&thema=gws&station=750,keine,https://wasserportal.berlin.de/station.php?anzeige=i&thema=gws&station=750
751,Tempelhof-Schöneberg,GW-Stand,Hauptgrundwasserleiter (GWL 1.3 + 2),gespannt,10.06.2026,33.00,keine Angabe,https://wasserportal.berlin.de/station.php?anzeige=g&thema=gws&station=751,sehr niedrig,https://wasserportal.berlin.de/station.php?anzeige=i&thema=gws&station=751
752,Tempelhof-Schöneberg,GW-Stand,Hauptgrundwasserleiter (GWL 1.3 + 2),gespannt,10.06.2026,33.17,keine Angabe,https://wasserportal.berlin.de/station.php?anzeige=g&thema=gws&station=752,sehr niedrig,https://wasserportal.berlin.de/station.php?anzeige=i&thema=gws&station=752
753,Tempelhof-Schöneberg,GW-Stand,Hauptgrundwasserleiter (GWL 1.3 + 2),ungespannt,10.06.2026,33.28,12.54,https://wasserportal.berlin.de/station.php?anzeige=g&thema=gws&station=753,sehr niedrig,https://wasserportal.berlin.de/station.php?anzeige=i&thema=gws&station=753
754,Tempelhof-Schöneberg,GW-Stand,Hauptgrundwasserleiter (GWL 1.3 + 2),ungespannt,10.06.2026,33.41,12.56,https://wasserportal.berlin.de/station.php?anzeige=g&thema=gws&station=754,sehr niedrig,https://wasserportal.berlin.de/station.php?anzeige=i&thema=gws&station=754
755,Tempelhof-Schöneberg,GW-Stand,Hauptgrundwasserleiter (GWL 1.3 + 2),ungespannt,08.06.2026,31.64,2.86,https://wasserportal.berlin.de/station.php?anzeige=g&thema=gws&station=755,normal,https://wasserportal.berlin.de/station.php?anzeige=i&thema=gws&station=755
756,Tempelhof-Schöneberg,GW-Stand,Hauptgrundwasserleiter (GWL 1.3 + 2),ungespannt,08.06.2026,32.71,5.32,https://wasserportal.berlin.de/station.php?anzeige=g&thema=gws&station=756,sehr niedrig,https://wasserportal.berlin.de/station.php?anzeige=i&thema=gws&station=756
757,Tempelhof-Schöneberg,GW-Stand,Hauptgrundwasserleiter (GWL 1.3 + 2),ungespannt,08.06.2026,32.87,9.77,https://wasserportal.berlin.de/station.php?anzeige=g&thema=gws&station=757,extrem niedrig,https://wasserportal.berlin.de/station.php?anzeige=i&thema=gws&station=757
760,Tempelhof-Schöneberg,"GW-Stand, tagesaktuell",Hauptgrundwasserleiter (GWL 1.3 + 2),gespannt,19.06.2026,31.42,keine Angabe,https://wasserportal.berlin.de/station.php?anzeige=g&thema=gws&station=760,normal,https://wasserportal.berlin.de/station.php?anzeige=i&thema=gws&station=760
762,Steglitz-Zehlendorf,GW-Stand + GW-Güte,Hauptgrundwasserleiter (GWL 1.3 + 2),gespannt,26.05.2026,34.40,keine Angabe,https://wasserportal.berlin.de/station.php?anzeige=g&thema=gws&station=762,extrem niedrig,https://wasserportal.berlin.de/station.php?anzeige=i&thema=gws&station=762
765,Steglitz-Zehlendorf,GW-Stand,Hauptgrundwasserleiter (GWL 1.3 + 2),gespannt,08.06.2026,33.72,keine Angabe,https://wasserportal.berlin.de/station.php?anzeige=g&thema=gws&station=765,extrem niedrig,https://wasserportal.berlin.de/station.php?anzeige=i&thema=gws&station=765
767,Steglitz-Zehlendorf,"GW-Stand, tagesaktuell",Hauptgrundwasserleiter (GWL 1.3 + 2),ungespannt,19.06.2026,32.80,14.15,https://wasserportal.berlin.de/station.php?anzeige=g&thema=gws&station=767,extrem niedrig,https://wasserportal.berlin.de/station.php?anzeige=i&thema=gws&station=767
768,Steglitz-Zehlendorf,GW-Stand,Hauptgrundwasserleiter (GWL 1.3 + 2),ungespannt,10.06.2026,33.17,15.38,https://wasserportal.berlin.de/station.php?anzeige=g&thema=gws&station=768,sehr niedrig,https://wasserportal.berlin.de/station.php?anzeige=i&thema=gws&station=768
769,Steglitz-Zehlendorf,GW-Stand,Hauptgrundwasserleiter (GWL 1.3 + 2),gespannt,26.05.2026,34.41,keine Angabe,https://wasserportal.berlin.de/station.php?anzeige=g&thema=gws&station=769,extrem niedrig,https://wasserportal.berlin.de/station.php?anzeige=i&thema=gws&station=769
770,Steglitz-Zehlendorf,GW-Stand,Hauptgrundwasserleiter (GWL 1.3 + 2),gespannt,09.06.2026,34.10,keine Angabe,https://wasserportal.berlin.de/station.php?anzeige=g&thema=gws&station=770,extrem niedrig,https://wasserportal.berlin.de/station.php?anzeige=i&thema=gws&station=770
772,Steglitz-Zehlendorf,GW-Stand,Hauptgrundwasserleiter (GWL 1.3 + 2),gespannt,26.05.2026,35.45,keine Angabe,https://wasserportal.berlin.de/station.php?anzeige=g&thema=gws&station=772,extrem niedrig,https://wasserportal.berlin.de/station.php?anzeige=i&thema=gws&station=772
773,Steglitz-Zehlendorf,"GW-Stand, tagesaktuell",Hauptgrundwasserleiter (GWL 1.3 + 2),gespannt,19.06.2026,35.02,keine Angabe,https://wasserportal.berlin.de/station.php?anzeige=g&thema=gws&station=773,extrem niedrig,https://wasserportal.berlin.de/station.php?anzeige=i&thema=gws&station=773
774,Steglitz-Zehlendorf,GW-Stand,Hauptgrundwasserleiter (GWL 1.3 + 2),ungespannt,08.06.2026,33.36,17.76,https://wasserportal.berlin.de/station.php?anzeige=g&thema=gws&station=774,extrem niedrig,https://wasserportal.berlin.de/station.php?anzeige=i&thema=gws&station=774
775,Steglitz-Zehlendorf,"GW-Stand, tagesaktuell + GW-Güte",Hauptgrundwasserleiter (GWL 1.3 + 2),gespannt,19.06.2026,34.35,keine Angabe,https://wasserportal.berlin.de/station.php?anzeige=g&thema=gws&station=775,extrem niedrig,https://wasserportal.berlin.de/station.php?anzeige=i&thema=gws&station=775
776,Tempelhof-Schöneberg,GW-Stand,Hauptgrundwasserleiter (GWL 1.3 + 2),gespannt,26.05.2026,35.97,keine Angabe,https://wasserportal.berlin.de/station.php?anzeige=g&thema=gws&station=776,sehr niedrig,https://wasserportal.berlin.de/station.php?anzeige=i&thema=gws&station=776
777,Tempelhof-Schöneberg,"GW-Stand, tagesaktuell",Hauptgrundwasserleiter (GWL 1.3 + 2),gespannt,18.06.2026,35.92,keine Angabe,https://wasserportal.berlin.de/station.php?anzeige=g&thema=gws&station=777,extrem niedrig,https://wasserportal.berlin.de/station.php?anzeige=i&thema=gws&station=777
785,Tempelhof-Schöneberg,GW-Stand,Hauptgrundwasserleiter (GWL 1.3 + 2),ungespannt,19.05.2026,32.83,11.67,https://wasserportal.berlin.de/station.php?anzeige=g&thema=gws&station=785,sehr niedrig,https://wasserportal.berlin.de/station.php?anzeige=i&thema=gws&station=785
791,Tempelhof-Schöneberg,GW-Stand,Hauptgrundwasserleiter (GWL 1.3 + 2),ungespannt,19.05.2026,32.52,18.84,https://wasserportal.berlin.de/station.php?anzeige=g&thema=gws&station=791,normal,https://wasserportal.berlin.de/station.php?anzeige=i&thema=gws&station=791
793,Neukölln,GW-Stand,Hauptgrundwasserleiter (GWL 1.3 + 2),ungespannt,20.05.2026,32.17,3.45,https://wasserportal.berlin.de/station.php?anzeige=g&thema=gws&station=793,sehr niedrig,https://wasserportal.berlin.de/station.php?anzeige=i&thema=gws&station=793
795,Neukölln,"GW-Stand, tagesaktuell",Hauptgrundwasserleiter (GWL 1.3 + 2),ungespannt,19.06.2026,32.43,6.94,https://wasserportal.berlin.de/station.php?anzeige=g&thema=gws&station=795,normal,https://wasserportal.berlin.de/station.php?anzeige=i&thema=gws&station=795
796,Neukölln,"GW-Stand, tagesaktuell",Hauptgrundwasserleiter (GWL 1.3 + 2),ungespannt,19.06.2026,32.14,2.04,https://wasserportal.berlin.de/station.php?anzeige=g&thema=gws&station=796,normal,https://wasserportal.berlin.de/station.php?anzeige=i&thema=gws&station=796
797,Neukölln,"GW-Stand, tagesaktuell",Hauptgrundwasserleiter (GWL 1.3 + 2),ungespannt,19.06.2026,32.85,1.81,https://wasserportal.berlin.de/station.php?anzeige=g&thema=gws&station=797,normal,https://wasserportal.berlin.de/station.php?anzeige=i&thema=gws&station=797
798,Neukölln,GW-Stand,Hauptgrundwasserleiter (GWL 1.3 + 2),gespannt,28.05.2026,34.35,keine Angabe,https://wasserportal.berlin.de/station.php?anzeige=g&thema=gws&station=798,normal,https://wasserportal.berlin.de/station.php?anzeige=i&thema=gws&station=798
800,Neukölln,"GW-Stand, tagesaktuell",Hauptgrundwasserleiter (GWL 1.3 + 2),ungespannt,19.06.2026,32.73,3.22,https://wasserportal.berlin.de/station.php?anzeige=g&thema=gws&station=800,normal,https://wasserportal.berlin.de/station.php?anzeige=i&thema=gws&station=800
801,Neukölln,GW-Stand,Hauptgrundwasserleiter (GWL 1.3 + 2),gespannt,28.05.2026,33.94,keine Angabe,https://wasserportal.berlin.de/station.php?anzeige=g&thema=gws&station=801,niedrig,https://wasserportal.berlin.de/station.php?anzeige=i&thema=gws&station=801
802,Neukölln,GW-Stand,Hauptgrundwasserleiter (GWL 1.3 + 2),ungespannt,20.05.2026,32.08,4.07,https://wasserportal.berlin.de/station.php?anzeige=g&thema=gws&station=802,extrem niedrig,https://wasserportal.berlin.de/station.php?anzeige=i&thema=gws&station=802
803,Neukölln,GW-Stand,Hauptgrundwasserleiter (GWL 1.3 + 2),ungespannt,20.05.2026,32.38,15.62,https://wasserportal.berlin.de/station.php?anzeige=g&thema=gws&station=803,normal,https://wasserportal.berlin.de/station.php?anzeige=i&thema=gws&station=803
806,Reinickendorf,GW-Stand,Hauptgrundwasserleiter (GWL 1.3 + 2),ungespannt,07.05.2026,33.76,4.32,https://wasserportal.berlin.de/station.php?anzeige=g&thema=gws&station=806,niedrig,https://wasserportal.berlin.de/station.php?anzeige=i&thema=gws&station=806
807,Reinickendorf,"GW-Stand, tagesaktuell",Hauptgrundwasserleiter (GWL 1.3 + 2),ungespannt,19.06.2026,31.45,4.34,https://wasserportal.berlin.de/station.php?anzeige=g&thema=gws&station=807,sehr niedrig,https://wasserportal.berlin.de/station.php?anzeige=i&thema=gws&station=807
808,Reinickendorf,"GW-Stand, tagesaktuell",Hauptgrundwasserleiter (GWL 1.3 + 2),ungespannt,19.06.2026,31.92,4.14,https://wasserportal.berlin.de/station.php?anzeige=g&thema=gws&station=808,sehr niedrig,https://wasserportal.berlin.de/station.php?anzeige=i&thema=gws&station=808
809,Reinickendorf,GW-Stand,Hauptgrundwasserleiter (GWL 1.3 + 2),ungespannt,18.05.2026,31.58,5.74,https://wasserportal.berlin.de/station.php?anzeige=g&thema=gws&station=809,sehr niedrig,https://wasserportal.berlin.de/station.php?anzeige=i&thema=gws&station=809
810,Reinickendorf,GW-Stand,Hauptgrundwasserleiter (GWL 1.3 + 2),ungespannt,07.05.2026,31.67,4.23,https://wasserportal.berlin.de/station.php?anzeige=g&thema=gws&station=810,sehr niedrig,https://wasserportal.berlin.de/station.php?anzeige=i&thema=gws&station=810
811,Reinickendorf,GW-Stand,Hauptgrundwasserleiter (GWL 1.3 + 2),ungespannt,07.05.2026,32.65,4.96,https://wasserportal.berlin.de/station.php?anzeige=g&thema=gws&station=811,normal,https://wasserportal.berlin.de/station.php?anzeige=i&thema=gws&station=811
812,Reinickendorf,GW-Stand,Weitere,ungespannt,07.05.2026,37.37,4.91,https://wasserportal.berlin.de/station.php?anzeige=g&thema=gws&station=812,sehr niedrig,https://wasserportal.berlin.de/station.php?anzeige=i&thema=gws&station=812
813,Reinickendorf,GW-Stand,Weitere,gespannt,09.04.2026,40.06,keine Angabe,https://wasserportal.berlin.de/station.php?anzeige=g&thema=gws&station=813,keine,https://wasserportal.berlin.de/station.php?anzeige=i&thema=gws&station=813
816,Reinickendorf,GW-Stand,Hauptgrundwasserleiter (GWL 1.3 + 2),ungespannt,08.05.2026,34.07,5.07,https://wasserportal.berlin.de/station.php?anzeige=g&thema=gws&station=816,sehr niedrig,https://wasserportal.berlin.de/station.php?anzeige=i&thema=gws&station=816
817,Reinickendorf,GW-Stand,Hauptgrundwasserleiter (GWL 1.3 + 2),ungespannt,08.05.2026,39.82,2.17,https://wasserportal.berlin.de/station.php?anzeige=g&thema=gws&station=817,niedrig,https://wasserportal.berlin.de/station.php?anzeige=i&thema=gws&station=817
819,Reinickendorf,GW-Stand,Panketalgrundwasserleiter (GWL 1.2),ungespannt,08.05.2026,41.04,2.86,https://wasserportal.berlin.de/station.php?anzeige=g&thema=gws&station=819,normal,https://wasserportal.berlin.de/station.php?anzeige=i&thema=gws&station=819
830,Reinickendorf,GW-Stand,Hauptgrundwasserleiter (GWL 1.3 + 2),ungespannt,12.05.2026,38.88,2.96,https://wasserportal.berlin.de/station.php?anzeige=g&thema=gws&station=830,normal,https://wasserportal.berlin.de/station.php?anzeige=i&thema=gws&station=830
833,Charlottenburg-Wilmersdorf,"GW-Stand, tagesaktuell",Hauptgrundwasserleiter (GWL 1.3 + 2),ungespannt,19.06.2026,30.62,16.65,https://wasserportal.berlin.de/station.php?anzeige=g&thema=gws&station=833,niedrig,https://wasserportal.berlin.de/station.php?anzeige=i&thema=gws&station=833
1305,Charlottenburg-Wilmersdorf,"GW-Stand, tagesaktuell",Hauptgrundwasserleiter (GWL 1.3 + 2),ungespannt,19.06.2026,29.68,2.36,https://wasserportal.berlin.de/station.php?anzeige=g&thema=gws&station=1305,niedrig,https://wasserportal.berlin.de/station.php?anzeige=i&thema=gws&station=1305
1306,Spandau,"GW-Stand, tagesaktuell",Hauptgrundwasserleiter (GWL 1.3 + 2),ungespannt,19.06.2026,28.98,3.36,https://wasserportal.berlin.de/station.php?anzeige=g&thema=gws&station=1306,sehr niedrig,https://wasserportal.berlin.de/station.php?anzeige=i&thema=gws&station=1306
1311,Charlottenburg-Wilmersdorf,GW-Stand,Hauptgrundwasserleiter (GWL 1.3 + 2),ungespannt,29.05.2026,30.11,1.87,https://wasserportal.berlin.de/station.php?anzeige=g&thema=gws&station=1311,normal,https://wasserportal.berlin.de/station.php?anzeige=i&thema=gws&station=1311
1318,Spandau,"GW-Stand, tagesaktuell",Hauptgrundwasserleiter (GWL 1.3 + 2),ungespannt,19.06.2026,29.20,2.70,https://wasserportal.berlin.de/station.php?anzeige=g&thema=gws&station=1318,sehr niedrig,https://wasserportal.berlin.de/station.php?anzeige=i&thema=gws&station=1318
1320,Spandau,"GW-Stand, tagesaktuell",Hauptgrundwasserleiter (GWL 1.3 + 2),ungespannt,19.06.2026,28.84,4.60,https://wasserportal.berlin.de/station.php?anzeige=g&thema=gws&station=1320,sehr hoch,https://wasserportal.berlin.de/station.php?anzeige=i&thema=gws&station=1320
1325,Charlottenburg-Wilmersdorf,GW-Stand,Hauptgrundwasserleiter (GWL 1.3 + 2),ungespannt,29.05.2026,29.81,3.82,https://wasserportal.berlin.de/station.php?anzeige=g&thema=gws&station=1325,normal,https://wasserportal.berlin.de/station.php?anzeige=i&thema=gws&station=1325
1339,Spandau,"GW-Stand, tagesaktuell",Hauptgrundwasserleiter (GWL 1.3 + 2),ungespannt,19.06.2026,29.20,1.49,https://wasserportal.berlin.de/station.php?anzeige=g&thema=gws&station=1339,keine,https://wasserportal.berlin.de/station.php?anzeige=i&thema=gws&station=1339
1349,Spandau,"GW-Stand, tagesaktuell",Hauptgrundwasserleiter (GWL 1.3 + 2),ungespannt,19.06.2026,29.23,1.63,https://wasserportal.berlin.de/station.php?anzeige=g&thema=gws&station=1349,normal,https://wasserportal.berlin.de/station.php?anzeige=i&thema=gws&station=1349
1359,Charlottenburg-Wilmersdorf,GW-Stand + GW-Güte,Hauptgrundwasserleiter (GWL 1.3 + 2),ungespannt,29.05.2026,29.46,2.48,https://wasserportal.berlin.de/station.php?anzeige=g&thema=gws&station=1359,normal,https://wasserportal.berlin.de/station.php?anzeige=i&thema=gws&station=1359
2602,Pankow,GW-Stand,Panketalgrundwasserleiter (GWL 1.2),ungespannt,08.04.2026,54.39,3.39,https://wasserportal.berlin.de/station.php?anzeige=g&thema=gws&station=2602,keine,https://wasserportal.berlin.de/station.php?anzeige=i&thema=gws&station=2602
2603,Pankow,GW-Stand,Panketalgrundwasserleiter (GWL 1.2),ungespannt,27.05.2026,51.02,1.91,https://wasserportal.berlin.de/station.php?anzeige=g&thema=gws&station=2603,keine,https://wasserportal.berlin.de/station.php?anzeige=i&thema=gws&station=2603
2604,Pankow,GW-Stand + GW-Güte,Hauptgrundwasserleiter (GWL 1.3 + 2),gespannt,27.05.2026,51.10,keine Angabe,https://wasserportal.berlin.de/station.php?anzeige=g&thema=gws&station=2604,keine,https://wasserportal.berlin.de/station.php?anzeige=i&thema=gws&station=2604
2605,Pankow,GW-Stand,Panketalgrundwasserleiter (GWL 1.2),ungespannt,11.03.2026,41.19,2.63,https://wasserportal.berlin.de/station.php?anzeige=g&thema=gws&station=2605,keine,https://wasserportal.berlin.de/station.php?anzeige=i&thema=gws&station=2605
2606,Marzahn-Hellersdorf,GW-Stand,Hauptgrundwasserleiter (GWL 1.3 + 2),gespannt,11.06.2026,37.82,keine Angabe,https://wasserportal.berlin.de/station.php?anzeige=g&thema=gws&station=2606,normal,https://wasserportal.berlin.de/station.php?anzeige=i&thema=gws&station=2606
2607,Marzahn-Hellersdorf,GW-Stand,Hauptgrundwasserleiter (GWL 1.3 + 2),gespannt,11.06.2026,36.40,keine Angabe,https://wasserportal.berlin.de/station.php?anzeige=g&thema=gws&station=2607,normal,https://wasserportal.berlin.de/station.php?anzeige=i&thema=gws&station=2607
3024,Spandau,GW-Stand,Hauptgrundwasserleiter (GWL 1.3 + 2),ungespannt,29.05.2026,31.18,0.94,https://wasserportal.berlin.de/station.php?anzeige=g&thema=gws&station=3024,normal,https://wasserportal.berlin.de/station.php?anzeige=i&thema=gws&station=3024
3025,Spandau,GW-Stand,Hauptgrundwasserleiter (GWL 1.3 + 2),gespannt,29.05.2026,30.31,keine Angabe,https://wasserportal.berlin.de/station.php?anzeige=g&thema=gws&station=3025,sehr niedrig,https://wasserportal.berlin.de/station.php?anzeige=i&thema=gws&station=3025
3033,Steglitz-Zehlendorf,GW-Stand,Hauptgrundwasserleiter (GWL 1.3 + 2),ungespannt,11.05.2026,29.67,6.01,https://wasserportal.berlin.de/station.php?anzeige=g&thema=gws&station=3033,extrem niedrig,https://wasserportal.berlin.de/station.php?anzeige=i&thema=gws&station=3033
3063,Steglitz-Zehlendorf,GW-Stand,Hauptgrundwasserleiter (GWL 1.3 + 2),gespannt,26.05.2026,33.86,keine Angabe,https://wasserportal.berlin.de/station.php?anzeige=g&thema=gws&station=3063,extrem niedrig,https://wasserportal.berlin.de/station.php?anzeige=i&thema=gws&station=3063
3097,Mitte,GW-Stand,Hauptgrundwasserleiter (GWL 1.3 + 2),ungespannt,19.05.2026,37.38,4.17,https://wasserportal.berlin.de/station.php?anzeige=g&thema=gws&station=3097,normal,https://wasserportal.berlin.de/station.php?anzeige=i&thema=gws&station=3097
3133,Mitte,GW-Stand,Tertiäre GW-Leiter (GWL 4),ungespannt,11.05.2026,30.82,3.31,https://wasserportal.berlin.de/station.php?anzeige=g&thema=gws&station=3133,normal,https://wasserportal.berlin.de/station.php?anzeige=i&thema=gws&station=3133
3137,Spandau,GW-Stand,Hauptgrundwasserleiter (GWL 1.3 + 2),ungespannt,11.06.2026,28.66,3.64,https://wasserportal.berlin.de/station.php?anzeige=g&thema=gws&station=3137,niedrig,https://wasserportal.berlin.de/station.php?anzeige=i&thema=gws&station=3137
3144,Steglitz-Zehlendorf,GW-Stand,Hauptgrundwasserleiter (GWL 1.3 + 2),gespannt,02.04.2026,30.88,keine Angabe,https://wasserportal.berlin.de/station.php?anzeige=g&thema=gws&station=3144,keine,https://wasserportal.berlin.de/station.php?anzeige=i&thema=gws&station=3144
3154,Spandau,"GW-Stand, tagesaktuell",Hauptgrundwasserleiter (GWL 1.3 + 2),gespannt,19.06.2026,29.32,keine Angabe,https://wasserportal.berlin.de/station.php?anzeige=g&thema=gws&station=3154,extrem niedrig,https://wasserportal.berlin.de/station.php?anzeige=i&thema=gws&station=3154
3155,Treptow-Köpenick,GW-Stand,Hauptgrundwasserleiter (GWL 1.3 + 2),ungespannt,13.05.2026,32.26,2.68,https://wasserportal.berlin.de/station.php?anzeige=g&thema=gws&station=3155,extrem hoch,https://wasserportal.berlin.de/station.php?anzeige=i&thema=gws&station=3155
3156,Treptow-Köpenick,GW-Stand,Hauptgrundwasserleiter (GWL 1.3 + 2),ungespannt,13.05.2026,32.26,2.68,https://wasserportal.berlin.de/station.php?anzeige=g&thema=gws&station=3156,extrem hoch,https://wasserportal.berlin.de/station.php?anzeige=i&thema=gws&station=3156
3211,Neukölln,"GW-Stand, tagesaktuell",Hauptgrundwasserleiter (GWL 1.3 + 2),ungespannt,19.06.2026,32.52,3.06,https://wasserportal.berlin.de/station.php?anzeige=g&thema=gws&station=3211,sehr niedrig,https://wasserportal.berlin.de/station.php?anzeige=i&thema=gws&station=3211
3212,Neukölln,"GW-Stand, tagesaktuell",Hauptgrundwasserleiter (GWL 1.3 + 2),ungespannt,19.06.2026,32.61,3.33,https://wasserportal.berlin.de/station.php?anzeige=g&thema=gws&station=3212,keine,https://wasserportal.berlin.de/station.php?anzeige=i&thema=gws&station=3212
3213,Neukölln,"GW-Stand, tagesaktuell",Hauptgrundwasserleiter (GWL 1.3 + 2),ungespannt,19.06.2026,33.08,3.69,https://wasserportal.berlin.de/station.php?anzeige=g&thema=gws&station=3213,keine,https://wasserportal.berlin.de/station.php?anzeige=i&thema=gws&station=3213
3215,Neukölln,"GW-Stand, tagesaktuell + GW-Güte",Hauptgrundwasserleiter (GWL 1.3 + 2),ungespannt,19.06.2026,32.67,2.99,https://wasserportal.berlin.de/station.php?anzeige=g&thema=gws&station=3215,keine,https://wasserportal.berlin.de/station.php?anzeige=i&thema=gws&station=3215
3216,Spandau,"GW-Stand, tagesaktuell",Weitere,ungespannt,19.06.2026,30.07,10.67,https://wasserportal.berlin.de/station.php?anzeige=g&thema=gws&station=3216,extrem niedrig,https://wasserportal.berlin.de/station.php?anzeige=i&thema=gws&station=3216
3315,Spandau,GW-Stand,Hauptgrundwasserleiter (GWL 1.3 + 2),ungespannt,05.05.2026,28.75,5.81,https://wasserportal.berlin.de/station.php?anzeige=g&thema=gws&station=3315,extrem niedrig,https://wasserportal.berlin.de/station.php?anzeige=i&thema=gws&station=3315
3316,Spandau,GW-Stand,Hauptgrundwasserleiter (GWL 1.3 + 2),ungespannt,05.05.2026,29.33,10.96,https://wasserportal.berlin.de/station.php?anzeige=g&thema=gws&station=3316,extrem niedrig,https://wasserportal.berlin.de/station.php?anzeige=i&thema=gws&station=3316
3354,Treptow-Köpenick,"GW-Stand, tagesaktuell + GW-Güte",Hauptgrundwasserleiter (GWL 1.3 + 2),ungespannt,18.06.2026,31.92,7.52,https://wasserportal.berlin.de/station.php?anzeige=g&thema=gws&station=3354,extrem niedrig,https://wasserportal.berlin.de/station.php?anzeige=i&thema=gws&station=3354
3355,Mitte,GW-Stand,Tertiäre GW-Leiter (GWL 4),gespannt,12.05.2026,33.67,keine Angabe,https://wasserportal.berlin.de/station.php?anzeige=g&thema=gws&station=3355,normal,https://wasserportal.berlin.de/station.php?anzeige=i&thema=gws&station=3355
3356,Charlottenburg-Wilmersdorf,"GW-Stand, tagesaktuell",Hauptgrundwasserleiter (GWL 1.3 + 2),ungespannt,19.06.2026,30.31,1.62,https://wasserportal.berlin.de/station.php?anzeige=g&thema=gws&station=3356,niedrig,https://wasserportal.berlin.de/station.php?anzeige=i&thema=gws&station=3356
3357,Charlottenburg-Wilmersdorf,"GW-Stand, tagesaktuell",Hauptgrundwasserleiter (GWL 1.3 + 2),ungespannt,19.06.2026,30.07,2.01,https://wasserportal.berlin.de/station.php?anzeige=g&thema=gws&station=3357,sehr niedrig,https://wasserportal.berlin.de/station.php?anzeige=i&thema=gws&station=3357
4003,Spandau,"GW-Stand, tagesaktuell",Hauptgrundwasserleiter (GWL 1.3 + 2),gespannt,18.06.2026,28.85,keine Angabe,https://wasserportal.berlin.de/station.php?anzeige=g&thema=gws&station=4003,extrem niedrig,https://wasserportal.berlin.de/station.php?anzeige=i&thema=gws&station=4003
4005,Spandau,"GW-Stand, tagesaktuell",Hauptgrundwasserleiter (GWL 1.3 + 2),gespannt,19.06.2026,27.66,keine Angabe,https://wasserportal.berlin.de/station.php?anzeige=g&thema=gws&station=4005,extrem niedrig,https://wasserportal.berlin.de/station.php?anzeige=i&thema=gws&station=4005
4006,Spandau,GW-Stand,Hauptgrundwasserleiter (GWL 1.3 + 2),ungespannt,05.05.2026,29.69,10.57,https://wasserportal.berlin.de/station.php?anzeige=g&thema=gws&station=4006,extrem niedrig,https://wasserportal.berlin.de/station.php?anzeige=i&thema=gws&station=4006
4008,Spandau,GW-Stand,Hauptgrundwasserleiter (GWL 1.3 + 2),gespannt,05.05.2026,29.11,keine Angabe,https://wasserportal.berlin.de/station.php?anzeige=g&thema=gws&station=4008,extrem niedrig,https://wasserportal.berlin.de/station.php?anzeige=i&thema=gws&station=4008
4013,Spandau,"GW-Stand, tagesaktuell",Hauptgrundwasserleiter (GWL 1.3 + 2),gespannt,19.06.2026,29.23,keine Angabe,https://wasserportal.berlin.de/station.php?anzeige=g&thema=gws&station=4013,extrem niedrig,https://wasserportal.berlin.de/station.php?anzeige=i&thema=gws&station=4013
4015,Spandau,"GW-Stand, tagesaktuell",Hauptgrundwasserleiter (GWL 1.3 + 2),ungespannt,19.06.2026,27.77,21.87,https://wasserportal.berlin.de/station.php?anzeige=g&thema=gws&station=4015,extrem niedrig,https://wasserportal.berlin.de/station.php?anzeige=i&thema=gws&station=4015
4059,Spandau,GW-Stand,Hauptgrundwasserleiter (GWL 1.3 + 2),ungespannt,11.06.2026,28.08,5.30,https://wasserportal.berlin.de/station.php?anzeige=g&thema=gws&station=4059,sehr niedrig,https://wasserportal.berlin.de/station.php?anzeige=i&thema=gws&station=4059
4061,Spandau,"GW-Stand, tagesaktuell + GW-Güte",Hauptgrundwasserleiter (GWL 1.3 + 2),gespannt,19.06.2026,27.21,keine Angabe,https://wasserportal.berlin.de/station.php?anzeige=g&thema=gws&station=4061,sehr niedrig,https://wasserportal.berlin.de/station.php?anzeige=i&thema=gws&station=4061
4098,Spandau,GW-Stand,Hauptgrundwasserleiter (GWL 1.3 + 2),gespannt,02.06.2026,29.18,keine Angabe,https://wasserportal.berlin.de/station.php?anzeige=g&thema=gws&station=4098,hoch,https://wasserportal.berlin.de/station.php?anzeige=i&thema=gws&station=4098
4102,Spandau,"GW-Stand, tagesaktuell",Elsterzeitl. GW-Leiter (GWL 3),gespannt,19.06.2026,28.98,keine Angabe,https://wasserportal.berlin.de/station.php?anzeige=g&thema=gws&station=4102,keine,https://wasserportal.berlin.de/station.php?anzeige=i&thema=gws&station=4102
4105,Spandau,GW-Stand + GW-Güte,Hauptgrundwasserleiter (GWL 1.3 + 2),ungespannt,11.06.2026,30.50,3.37,https://wasserportal.berlin.de/station.php?anzeige=g&thema=gws&station=4105,normal,https://wasserportal.berlin.de/station.php?anzeige=i&thema=gws&station=4105
4304,Charlottenburg-Wilmersdorf,"GW-Stand, tagesaktuell + GW-Güte",Hauptgrundwasserleiter (GWL 1.3 + 2),ungespannt,19.06.2026,30.51,2.41,https://wasserportal.berlin.de/station.php?anzeige=g&thema=gws&station=4304,niedrig,https://wasserportal.berlin.de/station.php?anzeige=i&thema=gws&station=4304
4458,Spandau,GW-Stand,Tertiäre GW-Leiter (GWL 4),gespannt,31.03.2026,26.70,keine Angabe,https://wasserportal.berlin.de/station.php?anzeige=g&thema=gws&station=4458,keine,https://wasserportal.berlin.de/station.php?anzeige=i&thema=gws&station=4458
4460,Spandau,GW-Stand,Hauptgrundwasserleiter (GWL 1.3 + 2),ungespannt,05.05.2026,27.52,23.53,https://wasserportal.berlin.de/station.php?anzeige=g&thema=gws&station=4460,extrem niedrig,https://wasserportal.berlin.de/station.php?anzeige=i&thema=gws&station=4460
4461,Spandau,GW-Stand,Tertiäre GW-Leiter (GWL 4),gespannt,04.03.2026,27.08,keine Angabe,https://wasserportal.berlin.de/station.php?anzeige=g&thema=gws&station=4461,keine,https://wasserportal.berlin.de/station.php?anzeige=i&thema=gws&station=4461
4519,Spandau,GW-Stand,Hauptgrundwasserleiter (GWL 1.3 + 2),gespannt,11.06.2026,30.40,keine Angabe,https://wasserportal.berlin.de/station.php?anzeige=g&thema=gws&station=4519,normal,https://wasserportal.berlin.de/station.php?anzeige=i&thema=gws&station=4519
4521,Spandau,GW-Stand + GW-Güte,Hauptgrundwasserleiter (GWL 1.3 + 2),ungespannt,11.06.2026,30.42,2.73,https://wasserportal.berlin.de/station.php?anzeige=g&thema=gws&station=4521,normal,https://wasserportal.berlin.de/station.php?anzeige=i&thema=gws&station=4521
4588,Spandau,GW-Stand,Hauptgrundwasserleiter (GWL 1.3 + 2),ungespannt,29.05.2026,29.39,4.62,https://wasserportal.berlin.de/station.php?anzeige=g&thema=gws&station=4588,extrem niedrig,https://wasserportal.berlin.de/station.php?anzeige=i&thema=gws&station=4588
4611,Spandau,"GW-Stand, tagesaktuell + GW-Güte",Elsterzeitl. GW-Leiter (GWL 3),ungespannt,19.06.2026,28.62,4.12,https://wasserportal.berlin.de/station.php?anzeige=g&thema=gws&station=4611,extrem niedrig,https://wasserportal.berlin.de/station.php?anzeige=i&thema=gws&station=4611
4612,Spandau,"GW-Stand, tagesaktuell + GW-Güte",Hauptgrundwasserleiter (GWL 1.3 + 2),ungespannt,19.06.2026,28.70,4.06,https://wasserportal.berlin.de/station.php?anzeige=g&thema=gws&station=4612,extrem niedrig,https://wasserportal.berlin.de/station.php?anzeige=i&thema=gws&station=4612
4631,Spandau,GW-Stand,Hauptgrundwasserleiter (GWL 1.3 + 2),gespannt,27.04.2026,28.74,keine Angabe,https://wasserportal.berlin.de/station.php?anzeige=g&thema=gws&station=4631,extrem niedrig,https://wasserportal.berlin.de/station.php?anzeige=i&thema=gws&station=4631
4632,Spandau,GW-Stand,Hauptgrundwasserleiter (GWL 1.3 + 2),ungespannt,27.04.2026,28.81,4.61,https://wasserportal.berlin.de/station.php?anzeige=g&thema=gws&station=4632,extrem niedrig,https://wasserportal.berlin.de/station.php?anzeige=i&thema=gws&station=4632
4640,Spandau,GW-Stand + GW-Güte,Hauptgrundwasserleiter (GWL 1.3 + 2),gespannt,05.05.2026,28.70,keine Angabe,https://wasserportal.berlin.de/station.php?anzeige=g&thema=gws&station=4640,extrem niedrig,https://wasserportal.berlin.de/station.php?anzeige=i&thema=gws&station=4640
4641,Spandau,GW-Stand,Hauptgrundwasserleiter (GWL 1.3 + 2),ungespannt,05.05.2026,29.61,4.69,https://wasserportal.berlin.de/station.php?anzeige=g&thema=gws&station=4641,extrem niedrig,https://wasserportal.berlin.de/station.php?anzeige=i&thema=gws&station=4641
4643,Spandau,GW-Stand,Hauptgrundwasserleiter (GWL 1.3 + 2),gespannt,05.05.2026,29.39,keine Angabe,https://wasserportal.berlin.de/station.php?anzeige=g&thema=gws&station=4643,extrem niedrig,https://wasserportal.berlin.de/station.php?anzeige=i&thema=gws&station=4643
4653,Spandau,GW-Stand,Hauptgrundwasserleiter (GWL 1.3 + 2),ungespannt,05.05.2026,28.75,17.88,https://wasserportal.berlin.de/station.php?anzeige=g&thema=gws&station=4653,extrem niedrig,https://wasserportal.berlin.de/station.php?anzeige=i&thema=gws&station=4653
4727,Spandau,"GW-Stand, tagesaktuell + GW-Güte",Elsterzeitl. GW-Leiter (GWL 3),gespannt,13.06.2026,27.65,keine Angabe,https://wasserportal.berlin.de/station.php?anzeige=g&thema=gws&station=4727,extrem niedrig,https://wasserportal.berlin.de/station.php?anzeige=i&thema=gws&station=4727
4788,Spandau,"GW-Stand, tagesaktuell",Hauptgrundwasserleiter (GWL 1.3 + 2),gespannt,19.06.2026,29.77,keine Angabe,https://wasserportal.berlin.de/station.php?anzeige=g&thema=gws&station=4788,normal,https://wasserportal.berlin.de/station.php?anzeige=i&thema=gws&station=4788
4799,Spandau,GW-Stand,Hauptgrundwasserleiter (GWL 1.3 + 2),gespannt,04.06.2026,27.44,keine Angabe,https://wasserportal.berlin.de/station.php?anzeige=g&thema=gws&station=4799,sehr niedrig,https://wasserportal.berlin.de/station.php?anzeige=i&thema=gws&station=4799
4800,Spandau,GW-Stand,Hauptgrundwasserleiter (GWL 1.3 + 2),ungespannt,04.06.2026,27.51,5.03,https://wasserportal.berlin.de/station.php?anzeige=g&thema=gws&station=4800,sehr niedrig,https://wasserportal.berlin.de/station.php?anzeige=i&thema=gws&station=4800
4805,Spandau,GW-Stand,Hauptgrundwasserleiter (GWL 1.3 + 2),ungespannt,30.04.2026,30.74,2.25,https://wasserportal.berlin.de/station.php?anzeige=g&thema=gws&station=4805,normal,https://wasserportal.berlin.de/station.php?anzeige=i&thema=gws&station=4805
4846,Spandau,"GW-Stand, tagesaktuell + GW-Güte",Hauptgrundwasserleiter (GWL 1.3 + 2),gespannt,19.06.2026,26.95,keine Angabe,https://wasserportal.berlin.de/station.php?anzeige=g&thema=gws&station=4846,extrem niedrig,https://wasserportal.berlin.de/station.php?anzeige=i&thema=gws&station=4846
4851,Spandau,GW-Stand,Hauptgrundwasserleiter (GWL 1.3 + 2),ungespannt,05.05.2026,28.49,9.81,https://wasserportal.berlin.de/station.php?anzeige=g&thema=gws&station=4851,extrem niedrig,https://wasserportal.berlin.de/station.php?anzeige=i&thema=gws&station=4851
4874,Spandau,"GW-Stand, tagesaktuell",Hauptgrundwasserleiter (GWL 1.3 + 2),ungespannt,19.06.2026,27.15,16.27,https://wasserportal.berlin.de/station.php?anzeige=g&thema=gws&station=4874,extrem niedrig,https://wasserportal.berlin.de/station.php?anzeige=i&thema=gws&station=4874
4875,Spandau,"GW-Stand, tagesaktuell + GW-Güte",Elsterzeitl. GW-Leiter (GWL 3),gespannt,19.06.2026,27.15,keine Angabe,https://wasserportal.berlin.de/station.php?anzeige=g&thema=gws&station=4875,extrem niedrig,https://wasserportal.berlin.de/station.php?anzeige=i&thema=gws&station=4875
4882,Marzahn-Hellersdorf,"GW-Stand, tagesaktuell",Hauptgrundwasserleiter (GWL 1.3 + 2),gespannt,19.06.2026,47.70,keine Angabe,https://wasserportal.berlin.de/station.php?anzeige=g&thema=gws&station=4882,extrem niedrig,https://wasserportal.berlin.de/station.php?anzeige=i&thema=gws&station=4882
4885,Spandau,GW-Stand,Hauptgrundwasserleiter (GWL 1.3 + 2),gespannt,04.03.2026,27.47,keine Angabe,https://wasserportal.berlin.de/station.php?anzeige=g&thema=gws&station=4885,keine,https://wasserportal.berlin.de/station.php?anzeige=i&thema=gws&station=4885
4890,Marzahn-Hellersdorf,"GW-Stand, tagesaktuell",Hauptgrundwasserleiter (GWL 1.3 + 2),gespannt,19.06.2026,49.58,keine Angabe,https://wasserportal.berlin.de/station.php?anzeige=g&thema=gws&station=4890,sehr niedrig,https://wasserportal.berlin.de/station.php?anzeige=i&thema=gws&station=4890
4895,Pankow,"GW-Stand, tagesaktuell",Hauptgrundwasserleiter (GWL 1.3 + 2),gespannt,19.06.2026,57.32,keine Angabe,https://wasserportal.berlin.de/station.php?anzeige=g&thema=gws&station=4895,extrem niedrig,https://wasserportal.berlin.de/station.php?anzeige=i&thema=gws&station=4895
4896,Pankow,"GW-Stand, tagesaktuell",Weitere,ungespannt,19.06.2026,60.53,10.85,https://wasserportal.berlin.de/station.php?anzeige=g&thema=gws&station=4896,extrem niedrig,https://wasserportal.berlin.de/station.php?anzeige=i&thema=gws&station=4896
4897,Pankow,"GW-Stand, tagesaktuell",Hauptgrundwasserleiter (GWL 1.3 + 2),gespannt,19.06.2026,57.13,keine Angabe,https://wasserportal.berlin.de/station.php?anzeige=g&thema=gws&station=4897,extrem niedrig,https://wasserportal.berlin.de/station.php?anzeige=i&thema=gws&station=4897
4898,Pankow,"GW-Stand, tagesaktuell",Weitere,ungespannt,19.06.2026,60.60,10.20,https://wasserportal.berlin.de/station.php?anzeige=g&thema=gws&station=4898,extrem niedrig,https://wasserportal.berlin.de/station.php?anzeige=i&thema=gws&station=4898
4923,Pankow,GW-Stand,Hauptgrundwasserleiter (GWL 1.3 + 2),gespannt,09.04.2026,43.77,keine Angabe,https://wasserportal.berlin.de/station.php?anzeige=g&thema=gws&station=4923,keine,https://wasserportal.berlin.de/station.php?anzeige=i&thema=gws&station=4923
4928,Marzahn-Hellersdorf,GW-Stand,Hauptgrundwasserleiter (GWL 1.3 + 2),gespannt,31.03.2026,42.08,keine Angabe,https://wasserportal.berlin.de/station.php?anzeige=g&thema=gws&station=4928,keine,https://wasserportal.berlin.de/station.php?anzeige=i&thema=gws&station=4928
4930,Marzahn-Hellersdorf,"GW-Stand, tagesaktuell",Hauptgrundwasserleiter (GWL 1.3 + 2),gespannt,19.06.2026,42.18,keine Angabe,https://wasserportal.berlin.de/station.php?anzeige=g&thema=gws&station=4930,extrem niedrig,https://wasserportal.berlin.de/station.php?anzeige=i&thema=gws&station=4930
5001,Pankow,"GW-Stand, tagesaktuell",Hauptgrundwasserleiter (GWL 1.3 + 2),gespannt,19.06.2026,38.87,keine Angabe,https://wasserportal.berlin.de/station.php?anzeige=g&thema=gws&station=5001,sehr niedrig,https://wasserportal.berlin.de/station.php?anzeige=i&thema=gws&station=5001
5002,Lichtenberg,GW-Stand + GW-Güte,Hauptgrundwasserleiter (GWL 1.3 + 2),gespannt,03.06.2026,37.71,keine Angabe,https://wasserportal.berlin.de/station.php?anzeige=g&thema=gws&station=5002,sehr niedrig,https://wasserportal.berlin.de/station.php?anzeige=i&thema=gws&station=5002
5004,Pankow,GW-Stand,Hauptgrundwasserleiter (GWL 1.3 + 2),gespannt,21.05.2026,35.88,keine Angabe,https://wasserportal.berlin.de/station.php?anzeige=g&thema=gws&station=5004,sehr niedrig,https://wasserportal.berlin.de/station.php?anzeige=i&thema=gws&station=5004
5005,Pankow,GW-Stand + GW-Güte,Hauptgrundwasserleiter (GWL 1.3 + 2),gespannt,21.05.2026,35.00,keine Angabe,https://wasserportal.berlin.de/station.php?anzeige=g&thema=gws&station=5005,sehr niedrig,https://wasserportal.berlin.de/station.php?anzeige=i&thema=gws&station=5005
5006,Lichtenberg,GW-Stand,Hauptgrundwasserleiter (GWL 1.3 + 2),gespannt,02.06.2026,36.28,keine Angabe,https://wasserportal.berlin.de/station.php?anzeige=g&thema=gws&station=5006,niedrig,https://wasserportal.berlin.de/station.php?anzeige=i&thema=gws&station=5006
5008,Lichtenberg,GW-Stand + GW-Güte,Hauptgrundwasserleiter (GWL 1.3 + 2),gespannt,02.06.2026,36.96,keine Angabe,https://wasserportal.berlin.de/station.php?anzeige=g&thema=gws&station=5008,niedrig,https://wasserportal.berlin.de/station.php?anzeige=i&thema=gws&station=5008
5009,Pankow,GW-Stand + GW-Güte,Hauptgrundwasserleiter (GWL 1.3 + 2),gespannt,12.05.2026,33.11,keine Angabe,https://wasserportal.berlin.de/station.php?anzeige=g&thema=gws&station=5009,normal,https://wasserportal.berlin.de/station.php?anzeige=i&thema=gws&station=5009
5011,Pankow,GW-Stand,Hauptgrundwasserleiter (GWL 1.3 + 2),gespannt,21.05.2026,36.25,keine Angabe,https://wasserportal.berlin.de/station.php?anzeige=g&thema=gws&station=5011,sehr niedrig,https://wasserportal.berlin.de/station.php?anzeige=i&thema=gws&station=5011
5013,Pankow,GW-Stand + GW-Güte,Hauptgrundwasserleiter (GWL 1.3 + 2),gespannt,20.05.2026,32.32,keine Angabe,https://wasserportal.berlin.de/station.php?anzeige=g&thema=gws&station=5013,normal,https://wasserportal.berlin.de/station.php?anzeige=i&thema=gws&station=5013
5014,Pankow,GW-Stand,Weitere,gespannt,21.05.2026,44.06,keine Angabe,https://wasserportal.berlin.de/station.php?anzeige=g&thema=gws&station=5014,keine,https://wasserportal.berlin.de/station.php?anzeige=i&thema=gws&station=5014
5017,Pankow,"GW-Stand, tagesaktuell",Hauptgrundwasserleiter (GWL 1.3 + 2),gespannt,19.06.2026,39.95,keine Angabe,https://wasserportal.berlin.de/station.php?anzeige=g&thema=gws&station=5017,sehr niedrig,https://wasserportal.berlin.de/station.php?anzeige=i&thema=gws&station=5017
5018,Pankow,"GW-Stand, tagesaktuell",Weitere,gespannt,19.06.2026,44.54,keine Angabe,https://wasserportal.berlin.de/station.php?anzeige=g&thema=gws&station=5018,normal,https://wasserportal.berlin.de/station.php?anzeige=i&thema=gws&station=5018
5019,Pankow,GW-Stand,Hauptgrundwasserleiter (GWL 1.3 + 2),gespannt,21.05.2026,39.10,keine Angabe,https://wasserportal.berlin.de/station.php?anzeige=g&thema=gws&station=5019,sehr niedrig,https://wasserportal.berlin.de/station.php?anzeige=i&thema=gws&station=5019
5020,Marzahn-Hellersdorf,"GW-Stand, tagesaktuell + GW-Güte",Hauptgrundwasserleiter (GWL 1.3 + 2),gespannt,19.06.2026,39.86,keine Angabe,https://wasserportal.berlin.de/station.php?anzeige=g&thema=gws&station=5020,normal,https://wasserportal.berlin.de/station.php?anzeige=i&thema=gws&station=5020
5022,Pankow,"GW-Stand, tagesaktuell + GW-Güte",Hauptgrundwasserleiter (GWL 1.3 + 2),gespannt,16.06.2026,44.68,keine Angabe,https://wasserportal.berlin.de/station.php?anzeige=g&thema=gws&station=5022,sehr niedrig,https://wasserportal.berlin.de/station.php?anzeige=i&thema=gws&station=5022
5025,Pankow,GW-Stand + GW-Güte,Elsterzeitl. GW-Leiter (GWL 3),gespannt,26.05.2026,35.75,keine Angabe,https://wasserportal.berlin.de/station.php?anzeige=g&thema=gws&station=5025,normal,https://wasserportal.berlin.de/station.php?anzeige=i&thema=gws&station=5025
5026,Pankow,GW-Stand + GW-Güte,Panketalgrundwasserleiter (GWL 1.2),ungespannt,26.05.2026,39.07,3.29,https://wasserportal.berlin.de/station.php?anzeige=g&thema=gws&station=5026,normal,https://wasserportal.berlin.de/station.php?anzeige=i&thema=gws&station=5026
5027,Pankow,GW-Stand + GW-Güte,Hauptgrundwasserleiter (GWL 1.3 + 2),gespannt,21.05.2026,44.39,keine Angabe,https://wasserportal.berlin.de/station.php?anzeige=g&thema=gws&station=5027,normal,https://wasserportal.berlin.de/station.php?anzeige=i&thema=gws&station=5027
5029,Pankow,GW-Stand,Tertiäre GW-Leiter (GWL 4),gespannt,21.05.2026,36.98,keine Angabe,https://wasserportal.berlin.de/station.php?anzeige=g&thema=gws&station=5029,normal,https://wasserportal.berlin.de/station.php?anzeige=i&thema=gws&station=5029
5031,Pankow,GW-Stand,Hauptgrundwasserleiter (GWL 1.3 + 2),gespannt,22.05.2026,43.84,keine Angabe,https://wasserportal.berlin.de/station.php?anzeige=g&thema=gws&station=5031,sehr niedrig,https://wasserportal.berlin.de/station.php?anzeige=i&thema=gws&station=5031
5033,Pankow,"GW-Stand, tagesaktuell",Hauptgrundwasserleiter (GWL 1.3 + 2),gespannt,19.06.2026,46.30,keine Angabe,https://wasserportal.berlin.de/station.php?anzeige=g&thema=gws&station=5033,niedrig,https://wasserportal.berlin.de/station.php?anzeige=i&thema=gws&station=5033
5036,Treptow-Köpenick,"GW-Stand, tagesaktuell + GW-Güte",Hauptgrundwasserleiter (GWL 1.3 + 2),ungespannt,19.06.2026,32.03,0.81,https://wasserportal.berlin.de/station.php?anzeige=g&thema=gws&station=5036,normal,https://wasserportal.berlin.de/station.php?anzeige=i&thema=gws&station=5036
5039,Treptow-Köpenick,"GW-Stand, tagesaktuell + GW-Güte",Hauptgrundwasserleiter (GWL 1.3 + 2),ungespannt,19.06.2026,32.11,1.31,https://wasserportal.berlin.de/station.php?anzeige=g&thema=gws&station=5039,normal,https://wasserportal.berlin.de/station.php?anzeige=i&thema=gws&station=5039
5040,Treptow-Köpenick,"GW-Stand, tagesaktuell + GW-Güte",Hauptgrundwasserleiter (GWL 1.3 + 2),ungespannt,19.06.2026,31.98,1.68,https://wasserportal.berlin.de/station.php?anzeige=g&thema=gws&station=5040,normal,https://wasserportal.berlin.de/station.php?anzeige=i&thema=gws&station=5040
5042,Treptow-Köpenick,"GW-Stand, tagesaktuell + GW-Güte",Hauptgrundwasserleiter (GWL 1.3 + 2),ungespannt,19.06.2026,32.18,1.36,https://wasserportal.berlin.de/station.php?anzeige=g&thema=gws&station=5042,extrem niedrig,https://wasserportal.berlin.de/station.php?anzeige=i&thema=gws&station=5042
5043,Mitte,GW-Stand,Hauptgrundwasserleiter (GWL 1.3 + 2),ungespannt,07.04.2026,31.19,3.65,https://wasserportal.berlin.de/station.php?anzeige=g&thema=gws&station=5043,keine,https://wasserportal.berlin.de/station.php?anzeige=i&thema=gws&station=5043
5044,Pankow,GW-Stand + GW-Güte,Hauptgrundwasserleiter (GWL 1.3 + 2),gespannt,26.05.2026,41.92,keine Angabe,https://wasserportal.berlin.de/station.php?anzeige=g&thema=gws&station=5044,niedrig,https://wasserportal.berlin.de/station.php?anzeige=i&thema=gws&station=5044
5045,Mitte,"GW-Stand, tagesaktuell",Hauptgrundwasserleiter (GWL 1.3 + 2),ungespannt,19.06.2026,31.17,3.38,https://wasserportal.berlin.de/station.php?anzeige=g&thema=gws&station=5045,normal,https://wasserportal.berlin.de/station.php?anzeige=i&thema=gws&station=5045
5051,Treptow-Köpenick,"GW-Stand, tagesaktuell + GW-Güte",Hauptgrundwasserleiter (GWL 1.3 + 2),ungespannt,18.06.2026,32.51,0.96,https://wasserportal.berlin.de/station.php?anzeige=g&thema=gws&station=5051,niedrig,https://wasserportal.berlin.de/station.php?anzeige=i&thema=gws&station=5051
5052,Pankow,GW-Stand,Hauptgrundwasserleiter (GWL 1.3 + 2),gespannt,26.05.2026,41.60,keine Angabe,https://wasserportal.berlin.de/station.php?anzeige=g&thema=gws&station=5052,normal,https://wasserportal.berlin.de/station.php?anzeige=i&thema=gws&station=5052
5056,Mitte,GW-Stand,Hauptgrundwasserleiter (GWL 1.3 + 2),ungespannt,22.05.2026,32.15,4.07,https://wasserportal.berlin.de/station.php?anzeige=g&thema=gws&station=5056,hoch,https://wasserportal.berlin.de/station.php?anzeige=i&thema=gws&station=5056
5057,Pankow,GW-Stand,Tertiäre GW-Leiter (GWL 4),gespannt,09.04.2026,37.20,keine Angabe,https://wasserportal.berlin.de/station.php?anzeige=g&thema=gws&station=5057,keine,https://wasserportal.berlin.de/station.php?anzeige=i&thema=gws&station=5057
5058,Pankow,"GW-Stand, tagesaktuell + GW-Güte",Hauptgrundwasserleiter (GWL 1.3 + 2),gespannt,19.06.2026,42.59,keine Angabe,https://wasserportal.berlin.de/station.php?anzeige=g&thema=gws&station=5058,extrem niedrig,https://wasserportal.berlin.de/station.php?anzeige=i&thema=gws&station=5058
5059,Pankow,"GW-Stand, tagesaktuell",Weitere,gespannt,19.06.2026,48.43,keine Angabe,https://wasserportal.berlin.de/station.php?anzeige=g&thema=gws&station=5059,keine,https://wasserportal.berlin.de/station.php?anzeige=i&thema=gws&station=5059
5060,Pankow,GW-Stand + GW-Güte,Tertiäre GW-Leiter (GWL 4),gespannt,07.05.2026,44.72,keine Angabe,https://wasserportal.berlin.de/station.php?anzeige=g&thema=gws&station=5060,extrem niedrig,https://wasserportal.berlin.de/station.php?anzeige=i&thema=gws&station=5060
5068,Lichtenberg,GW-Stand,Hauptgrundwasserleiter (GWL 1.3 + 2),gespannt,03.06.2026,38.98,keine Angabe,https://wasserportal.berlin.de/station.php?anzeige=g&thema=gws&station=5068,sehr niedrig,https://wasserportal.berlin.de/station.php?anzeige=i&thema=gws&station=5068
5071,Marzahn-Hellersdorf,GW-Stand,Hauptgrundwasserleiter (GWL 1.3 + 2),gespannt,29.04.2026,47.31,keine Angabe,https://wasserportal.berlin.de/station.php?anzeige=g&thema=gws&station=5071,sehr niedrig,https://wasserportal.berlin.de/station.php?anzeige=i&thema=gws&station=5071
5072,Marzahn-Hellersdorf,"GW-Stand, tagesaktuell",Hauptgrundwasserleiter (GWL 1.3 + 2),gespannt,19.06.2026,44.66,keine Angabe,https://wasserportal.berlin.de/station.php?anzeige=g&thema=gws&station=5072,extrem niedrig,https://wasserportal.berlin.de/station.php?anzeige=i&thema=gws&station=5072
5073,Marzahn-Hellersdorf,"GW-Stand, tagesaktuell + GW-Güte",Hauptgrundwasserleiter (GWL 1.3 + 2),gespannt,19.06.2026,37.32,keine Angabe,https://wasserportal.berlin.de/station.php?anzeige=g&thema=gws&station=5073,niedrig,https://wasserportal.berlin.de/station.php?anzeige=i&thema=gws&station=5073
5074,Marzahn-Hellersdorf,"GW-Stand, tagesaktuell + GW-Güte",Hauptgrundwasserleiter (GWL 1.3 + 2),gespannt,19.06.2026,42.60,keine Angabe,https://wasserportal.berlin.de/station.php?anzeige=g&thema=gws&station=5074,sehr niedrig,https://wasserportal.berlin.de/station.php?anzeige=i&thema=gws&station=5074
5075,Marzahn-Hellersdorf,"GW-Stand, tagesaktuell + GW-Güte",Hauptgrundwasserleiter (GWL 1.3 + 2),gespannt,19.06.2026,47.76,keine Angabe,https://wasserportal.berlin.de/station.php?anzeige=g&thema=gws&station=5075,extrem niedrig,https://wasserportal.berlin.de/station.php?anzeige=i&thema=gws&station=5075
5076,Marzahn-Hellersdorf,"GW-Stand, tagesaktuell + GW-Güte",Hauptgrundwasserleiter (GWL 1.3 + 2),gespannt,05.05.2026,43.75,keine Angabe,https://wasserportal.berlin.de/station.php?anzeige=g&thema=gws&station=5076,niedrig,https://wasserportal.berlin.de/station.php?anzeige=i&thema=gws&station=5076
5077,Marzahn-Hellersdorf,GW-Stand,Hauptgrundwasserleiter (GWL 1.3 + 2),gespannt,11.06.2026,39.08,keine Angabe,https://wasserportal.berlin.de/station.php?anzeige=g&thema=gws&station=5077,sehr niedrig,https://wasserportal.berlin.de/station.php?anzeige=i&thema=gws&station=5077
5078,Marzahn-Hellersdorf,"GW-Stand, tagesaktuell + GW-Güte",Hauptgrundwasserleiter (GWL 1.3 + 2),gespannt,19.06.2026,38.14,keine Angabe,https://wasserportal.berlin.de/station.php?anzeige=g&thema=gws&station=5078,sehr niedrig,https://wasserportal.berlin.de/station.php?anzeige=i&thema=gws&station=5078
5086,Pankow,"GW-Stand, tagesaktuell + GW-Güte",Hauptgrundwasserleiter (GWL 1.3 + 2),gespannt,19.06.2026,45.52,keine Angabe,https://wasserportal.berlin.de/station.php?anzeige=g&thema=gws&station=5086,niedrig,https://wasserportal.berlin.de/station.php?anzeige=i&thema=gws&station=5086
5090,Pankow,GW-Stand + GW-Güte,Elsterzeitl. GW-Leiter (GWL 3),gespannt,26.05.2026,36.56,keine Angabe,https://wasserportal.berlin.de/station.php?anzeige=g&thema=gws&station=5090,hoch,https://wasserportal.berlin.de/station.php?anzeige=i&thema=gws&station=5090
5091,Pankow,GW-Stand,Hauptgrundwasserleiter (GWL 1.3 + 2),gespannt,26.05.2026,41.14,keine Angabe,https://wasserportal.berlin.de/station.php?anzeige=g&thema=gws&station=5091,sehr niedrig,https://wasserportal.berlin.de/station.php?anzeige=i&thema=gws&station=5091
5092,Pankow,GW-Stand,Hauptgrundwasserleiter (GWL 1.3 + 2),gespannt,22.05.2026,45.25,keine Angabe,https://wasserportal.berlin.de/station.php?anzeige=g&thema=gws&station=5092,normal,https://wasserportal.berlin.de/station.php?anzeige=i&thema=gws&station=5092
5097,Pankow,GW-Stand + GW-Güte,Tertiäre GW-Leiter (GWL 4),gespannt,26.05.2026,36.22,keine Angabe,https://wasserportal.berlin.de/station.php?anzeige=g&thema=gws&station=5097,sehr hoch,https://wasserportal.berlin.de/station.php?anzeige=i&thema=gws&station=5097
5118,Treptow-Köpenick,GW-Stand,Hauptgrundwasserleiter (GWL 1.3 + 2),gespannt,30.05.2026,34.26,keine Angabe,https://wasserportal.berlin.de/station.php?anzeige=g&thema=gws&station=5118,niedrig,https://wasserportal.berlin.de/station.php?anzeige=i&thema=gws&station=5118
5138,Mitte,GW-Stand + GW-Güte,Hauptgrundwasserleiter (GWL 1.3 + 2),ungespannt,07.04.2026,31.21,3.67,https://wasserportal.berlin.de/station.php?anzeige=g&thema=gws&station=5138,keine,https://wasserportal.berlin.de/station.php?anzeige=i&thema=gws&station=5138
5139,Mitte,"GW-Stand, tagesaktuell",Hauptgrundwasserleiter (GWL 1.3 + 2),ungespannt,19.06.2026,30.97,2.73,https://wasserportal.berlin.de/station.php?anzeige=g&thema=gws&station=5139,sehr hoch,https://wasserportal.berlin.de/station.php?anzeige=i&thema=gws&station=5139
5140,Mitte,"GW-Stand, tagesaktuell + GW-Güte",Hauptgrundwasserleiter (GWL 1.3 + 2),gespannt,19.06.2026,31.17,keine Angabe,https://wasserportal.berlin.de/station.php?anzeige=g&thema=gws&station=5140,normal,https://wasserportal.berlin.de/station.php?anzeige=i&thema=gws&station=5140
5141,Mitte,GW-Stand,Hauptgrundwasserleiter (GWL 1.3 + 2),ungespannt,22.05.2026,31.25,4.93,https://wasserportal.berlin.de/station.php?anzeige=g&thema=gws&station=5141,normal,https://wasserportal.berlin.de/station.php?anzeige=i&thema=gws&station=5141
5142,Mitte,"GW-Stand, tagesaktuell",Hauptgrundwasserleiter (GWL 1.3 + 2),ungespannt,19.06.2026,31.49,5.02,https://wasserportal.berlin.de/station.php?anzeige=g&thema=gws&station=5142,sehr hoch,https://wasserportal.berlin.de/station.php?anzeige=i&thema=gws&station=5142
5144,Mitte,"GW-Stand, tagesaktuell",Hauptgrundwasserleiter (GWL 1.3 + 2),ungespannt,19.06.2026,31.36,5.29,https://wasserportal.berlin.de/station.php?anzeige=g&thema=gws&station=5144,keine,https://wasserportal.berlin.de/station.php?anzeige=i&thema=gws&station=5144
5147,Mitte,GW-Stand,Hauptgrundwasserleiter (GWL 1.3 + 2),ungespannt,21.05.2026,31.85,5.98,https://wasserportal.berlin.de/station.php?anzeige=g&thema=gws&station=5147,normal,https://wasserportal.berlin.de/station.php?anzeige=i&thema=gws&station=5147
5148,Mitte,GW-Stand,Hauptgrundwasserleiter (GWL 1.3 + 2),ungespannt,07.04.2026,31.51,3.77,https://wasserportal.berlin.de/station.php?anzeige=g&thema=gws&station=5148,keine,https://wasserportal.berlin.de/station.php?anzeige=i&thema=gws&station=5148
5149,Mitte,GW-Stand,Hauptgrundwasserleiter (GWL 1.3 + 2),ungespannt,22.05.2026,31.85,2.87,https://wasserportal.berlin.de/station.php?anzeige=g&thema=gws&station=5149,hoch,https://wasserportal.berlin.de/station.php?anzeige=i&thema=gws&station=5149
5150,Friedrichshain-Kreuzberg,"GW-Stand, tagesaktuell + GW-Güte",Hauptgrundwasserleiter (GWL 1.3 + 2),ungespannt,19.06.2026,32.79,3.21,https://wasserportal.berlin.de/station.php?anzeige=g&thema=gws&station=5150,normal,https://wasserportal.berlin.de/station.php?anzeige=i&thema=gws&station=5150
5152,Friedrichshain-Kreuzberg,GW-Stand,Hauptgrundwasserleiter (GWL 1.3 + 2),ungespannt,02.06.2026,32.36,2.72,https://wasserportal.berlin.de/station.php?anzeige=g&thema=gws&station=5152,normal,https://wasserportal.berlin.de/station.php?anzeige=i&thema=gws&station=5152
5154,Mitte,GW-Stand,Hauptgrundwasserleiter (GWL 1.3 + 2),ungespannt,07.04.2026,30.95,4.17,https://wasserportal.berlin.de/station.php?anzeige=g&thema=gws&station=5154,keine,https://wasserportal.berlin.de/station.php?anzeige=i&thema=gws&station=5154
5155,Mitte,GW-Stand + GW-Güte,Hauptgrundwasserleiter (GWL 1.3 + 2),ungespannt,22.05.2026,30.87,2.16,https://wasserportal.berlin.de/station.php?anzeige=g&thema=gws&station=5155,normal,https://wasserportal.berlin.de/station.php?anzeige=i&thema=gws&station=5155
5156,Mitte,"GW-Stand, tagesaktuell",Hauptgrundwasserleiter (GWL 1.3 + 2),ungespannt,19.06.2026,30.83,3.66,https://wasserportal.berlin.de/station.php?anzeige=g&thema=gws&station=5156,normal,https://wasserportal.berlin.de/station.php?anzeige=i&thema=gws&station=5156
5161,Mitte,"GW-Stand, tagesaktuell",Hauptgrundwasserleiter (GWL 1.3 + 2),ungespannt,19.06.2026,31.72,4.77,https://wasserportal.berlin.de/station.php?anzeige=g&thema=gws&station=5161,hoch,https://wasserportal.berlin.de/station.php?anzeige=i&thema=gws&station=5161
5167,Friedrichshain-Kreuzberg,GW-Stand + GW-Güte,Hauptgrundwasserleiter (GWL 1.3 + 2),ungespannt,02.06.2026,33.61,4.37,https://wasserportal.berlin.de/station.php?anzeige=g&thema=gws&station=5167,normal,https://wasserportal.berlin.de/station.php?anzeige=i&thema=gws&station=5167
5168,Friedrichshain-Kreuzberg,"GW-Stand, tagesaktuell",Hauptgrundwasserleiter (GWL 1.3 + 2),ungespannt,19.06.2026,33.90,3.02,https://wasserportal.berlin.de/station.php?anzeige=g&thema=gws&station=5168,normal,https://wasserportal.berlin.de/station.php?anzeige=i&thema=gws&station=5168
5169,Friedrichshain-Kreuzberg,GW-Stand,Hauptgrundwasserleiter (GWL 1.3 + 2),ungespannt,27.04.2026,34.17,2.59,https://wasserportal.berlin.de/station.php?anzeige=g&thema=gws&station=5169,normal,https://wasserportal.berlin.de/station.php?anzeige=i&thema=gws&station=5169
5202,Marzahn-Hellersdorf,"GW-Stand, tagesaktuell",Hauptgrundwasserleiter (GWL 1.3 + 2),ungespannt,19.06.2026,32.60,3.89,https://wasserportal.berlin.de/station.php?anzeige=g&thema=gws&station=5202,normal,https://wasserportal.berlin.de/station.php?anzeige=i&thema=gws&station=5202
5207,Lichtenberg,GW-Stand + GW-Güte,Hauptgrundwasserleiter (GWL 1.3 + 2),ungespannt,13.05.2026,32.81,2.91,https://wasserportal.berlin.de/station.php?anzeige=g&thema=gws&station=5207,normal,https://wasserportal.berlin.de/station.php?anzeige=i&thema=gws&station=5207
5217,Lichtenberg,GW-Stand,Hauptgrundwasserleiter (GWL 1.3 + 2),ungespannt,13.04.2026,34.09,3.48,https://wasserportal.berlin.de/station.php?anzeige=g&thema=gws&station=5217,keine,https://wasserportal.berlin.de/station.php?anzeige=i&thema=gws&station=5217
5231,Lichtenberg,GW-Stand,Hauptgrundwasserleiter (GWL 1.3 + 2),gespannt,02.06.2026,34.90,keine Angabe,https://wasserportal.berlin.de/station.php?anzeige=g&thema=gws&station=5231,normal,https://wasserportal.berlin.de/station.php?anzeige=i&thema=gws&station=5231
5233,Lichtenberg,"GW-Stand, tagesaktuell",Hauptgrundwasserleiter (GWL 1.3 + 2),gespannt,19.06.2026,34.53,keine Angabe,https://wasserportal.berlin.de/station.php?anzeige=g&thema=gws&station=5233,niedrig,https://wasserportal.berlin.de/station.php?anzeige=i&thema=gws&station=5233
5246,Marzahn-Hellersdorf,GW-Stand,Weitere,gespannt,11.06.2026,52.87,keine Angabe,https://wasserportal.berlin.de/station.php?anzeige=g&thema=gws&station=5246,keine,https://wasserportal.berlin.de/station.php?anzeige=i&thema=gws&station=5246
5253,Pankow,GW-Stand,Panketalgrundwasserleiter (GWL 1.2),ungespannt,26.05.2026,42.30,2.49,https://wasserportal.berlin.de/station.php?anzeige=g&thema=gws&station=5253,normal,https://wasserportal.berlin.de/station.php?anzeige=i&thema=gws&station=5253
5255,Pankow,GW-Stand + GW-Güte,Panketalgrundwasserleiter (GWL 1.2),ungespannt,26.05.2026,42.42,2.76,https://wasserportal.berlin.de/station.php?anzeige=g&thema=gws&station=5255,normal,https://wasserportal.berlin.de/station.php?anzeige=i&thema=gws&station=5255
5270,Pankow,GW-Stand,Weitere,gespannt,09.04.2026,42.64,keine Angabe,https://wasserportal.berlin.de/station.php?anzeige=g&thema=gws&station=5270,keine,https://wasserportal.berlin.de/station.php?anzeige=i&thema=gws&station=5270
5277,Pankow,GW-Stand,Panketalgrundwasserleiter (GWL 1.2),ungespannt,11.03.2026,42.05,4.27,https://wasserportal.berlin.de/station.php?anzeige=g&thema=gws&station=5277,keine,https://wasserportal.berlin.de/station.php?anzeige=i&thema=gws&station=5277
5289,Pankow,GW-Stand,Weitere,gespannt,22.05.2026,43.67,keine Angabe,https://wasserportal.berlin.de/station.php?anzeige=g&thema=gws&station=5289,normal,https://wasserportal.berlin.de/station.php?anzeige=i&thema=gws&station=5289
5297,Pankow,GW-Stand + GW-Güte,Panketalgrundwasserleiter (GWL 1.2),ungespannt,01.06.2026,46.02,1.85,https://wasserportal.berlin.de/station.php?anzeige=g&thema=gws&station=5297,normal,https://wasserportal.berlin.de/station.php?anzeige=i&thema=gws&station=5297
5304,Pankow,GW-Stand,Panketalgrundwasserleiter (GWL 1.2),ungespannt,26.05.2026,40.80,2.36,https://wasserportal.berlin.de/station.php?anzeige=g&thema=gws&station=5304,normal,https://wasserportal.berlin.de/station.php?anzeige=i&thema=gws&station=5304
5306,Pankow,GW-Stand + GW-Güte,Panketalgrundwasserleiter (GWL 1.2),ungespannt,26.05.2026,41.74,2.62,https://wasserportal.berlin.de/station.php?anzeige=g&thema=gws&station=5306,normal,https://wasserportal.berlin.de/station.php?anzeige=i&thema=gws&station=5306
5308,Pankow,"GW-Stand, tagesaktuell",Panketalgrundwasserleiter (GWL 1.2),ungespannt,19.06.2026,41.94,3.24,https://wasserportal.berlin.de/station.php?anzeige=g&thema=gws&station=5308,extrem niedrig,https://wasserportal.berlin.de/station.php?anzeige=i&thema=gws&station=5308
5311,Pankow,GW-Stand,Panketalgrundwasserleiter (GWL 1.2),ungespannt,26.05.2026,40.57,2.30,https://wasserportal.berlin.de/station.php?anzeige=g&thema=gws&station=5311,normal,https://wasserportal.berlin.de/station.php?anzeige=i&thema=gws&station=5311
5320,Pankow,GW-Stand,Panketalgrundwasserleiter (GWL 1.2),ungespannt,23.05.2026,45.09,2.41,https://wasserportal.berlin.de/station.php?anzeige=g&thema=gws&station=5320,extrem hoch,https://wasserportal.berlin.de/station.php?anzeige=i&thema=gws&station=5320
5333,Pankow,GW-Stand,Weitere,gespannt,01.06.2026,47.18,keine Angabe,https://wasserportal.berlin.de/station.php?anzeige=g&thema=gws&station=5333,normal,https://wasserportal.berlin.de/station.php?anzeige=i&thema=gws&station=5333
5337,Pankow,GW-Stand,Panketalgrundwasserleiter (GWL 1.2),ungespannt,26.05.2026,41.18,2.49,https://wasserportal.berlin.de/station.php?anzeige=g&thema=gws&station=5337,extrem niedrig,https://wasserportal.berlin.de/station.php?anzeige=i&thema=gws&station=5337
5342,Pankow,"GW-Stand, tagesaktuell",Panketalgrundwasserleiter (GWL 1.2),ungespannt,19.06.2026,47.02,2.19,https://wasserportal.berlin.de/station.php?anzeige=g&thema=gws&station=5342,sehr niedrig,https://wasserportal.berlin.de/station.php?anzeige=i&thema=gws&station=5342
5351,Pankow,"GW-Stand, tagesaktuell + GW-Güte",Hauptgrundwasserleiter (GWL 1.3 + 2),gespannt,19.06.2026,45.67,keine Angabe,https://wasserportal.berlin.de/station.php?anzeige=g&thema=gws&station=5351,niedrig,https://wasserportal.berlin.de/station.php?anzeige=i&thema=gws&station=5351
5355,Pankow,"GW-Stand, tagesaktuell + GW-Güte",Hauptgrundwasserleiter (GWL 1.3 + 2),gespannt,19.06.2026,48.49,keine Angabe,https://wasserportal.berlin.de/station.php?anzeige=g&thema=gws&station=5355,niedrig,https://wasserportal.berlin.de/station.php?anzeige=i&thema=gws&station=5355
5366,Pankow,GW-Stand + GW-Güte,Panketalgrundwasserleiter (GWL 1.2),ungespannt,28.05.2026,54.94,1.89,https://wasserportal.berlin.de/station.php?anzeige=g&thema=gws&station=5366,niedrig,https://wasserportal.berlin.de/station.php?anzeige=i&thema=gws&station=5366
5372,Pankow,GW-Stand,Panketalgrundwasserleiter (GWL 1.2),ungespannt,21.05.2026,39.78,3.92,https://wasserportal.berlin.de/station.php?anzeige=g&thema=gws&station=5372,niedrig,https://wasserportal.berlin.de/station.php?anzeige=i&thema=gws&station=5372
5382,Pankow,"GW-Stand, tagesaktuell",Panketalgrundwasserleiter (GWL 1.2),ungespannt,30.05.2026,47.17,1.69,https://wasserportal.berlin.de/station.php?anzeige=g&thema=gws&station=5382,extrem niedrig,https://wasserportal.berlin.de/station.php?anzeige=i&thema=gws&station=5382
5388,Pankow,GW-Stand,Panketalgrundwasserleiter (GWL 1.2),ungespannt,09.04.2026,48.26,3.66,https://wasserportal.berlin.de/station.php?anzeige=g&thema=gws&station=5388,keine,https://wasserportal.berlin.de/station.php?anzeige=i&thema=gws&station=5388
5389,Pankow,GW-Stand,Panketalgrundwasserleiter (GWL 1.2),ungespannt,03.03.2026,48.36,6.72,https://wasserportal.berlin.de/station.php?anzeige=g&thema=gws&station=5389,keine,https://wasserportal.berlin.de/station.php?anzeige=i&thema=gws&station=5389
5390,Pankow,GW-Stand,Panketalgrundwasserleiter (GWL 1.2),ungespannt,26.05.2026,47.84,4.12,https://wasserportal.berlin.de/station.php?anzeige=g&thema=gws&station=5390,normal,https://wasserportal.berlin.de/station.php?anzeige=i&thema=gws&station=5390
5404,Pankow,"GW-Stand, tagesaktuell + GW-Güte",Panketalgrundwasserleiter (GWL 1.2),gespannt,19.06.2026,48.69,keine Angabe,https://wasserportal.berlin.de/station.php?anzeige=g&thema=gws&station=5404,normal,https://wasserportal.berlin.de/station.php?anzeige=i&thema=gws&station=5404
5412,Pankow,GW-Stand,Panketalgrundwasserleiter (GWL 1.2),ungespannt,08.04.2026,50.47,1.77,https://wasserportal.berlin.de/station.php?anzeige=g&thema=gws&station=5412,keine,https://wasserportal.berlin.de/station.php?anzeige=i&thema=gws&station=5412
5420,Pankow,GW-Stand,Panketalgrundwasserleiter (GWL 1.2),ungespannt,26.05.2026,39.95,2.49,https://wasserportal.berlin.de/station.php?anzeige=g&thema=gws&station=5420,normal,https://wasserportal.berlin.de/station.php?anzeige=i&thema=gws&station=5420
5422,Treptow-Köpenick,GW-Stand,Hauptgrundwasserleiter (GWL 1.3 + 2),ungespannt,15.06.2026,31.13,3.40,https://wasserportal.berlin.de/station.php?anzeige=g&thema=gws&station=5422,normal,https://wasserportal.berlin.de/station.php?anzeige=i&thema=gws&station=5422
5424,Treptow-Köpenick,"GW-Stand, tagesaktuell",Hauptgrundwasserleiter (GWL 1.3 + 2),ungespannt,19.06.2026,31.07,3.48,https://wasserportal.berlin.de/station.php?anzeige=g&thema=gws&station=5424,normal,https://wasserportal.berlin.de/station.php?anzeige=i&thema=gws&station=5424
5427,Treptow-Köpenick,GW-Stand,Hauptgrundwasserleiter (GWL 1.3 + 2),ungespannt,29.05.2026,32.19,2.50,https://wasserportal.berlin.de/station.php?anzeige=g&thema=gws&station=5427,normal,https://wasserportal.berlin.de/station.php?anzeige=i&thema=gws&station=5427
5428,Treptow-Köpenick,"GW-Stand, tagesaktuell",Hauptgrundwasserleiter (GWL 1.3 + 2),ungespannt,19.06.2026,32.29,3.74,https://wasserportal.berlin.de/station.php?anzeige=g&thema=gws&station=5428,sehr niedrig,https://wasserportal.berlin.de/station.php?anzeige=i&thema=gws&station=5428
5430,Treptow-Köpenick,"GW-Stand, tagesaktuell",Hauptgrundwasserleiter (GWL 1.3 + 2),ungespannt,18.06.2026,33.37,1.24,https://wasserportal.berlin.de/station.php?anzeige=g&thema=gws&station=5430,normal,https://wasserportal.berlin.de/station.php?anzeige=i&thema=gws&station=5430
5431,Treptow-Köpenick,GW-Stand,Hauptgrundwasserleiter (GWL 1.3 + 2),ungespannt,30.05.2026,33.70,2.51,https://wasserportal.berlin.de/station.php?anzeige=g&thema=gws&station=5431,normal,https://wasserportal.berlin.de/station.php?anzeige=i&thema=gws&station=5431
5462,Pankow,"GW-Stand, tagesaktuell",Weitere,gespannt,19.06.2026,51.51,keine Angabe,https://wasserportal.berlin.de/station.php?anzeige=g&thema=gws&station=5462,keine,https://wasserportal.berlin.de/station.php?anzeige=i&thema=gws&station=5462
5471,Lichtenberg,GW-Stand,Hauptgrundwasserleiter (GWL 1.3 + 2),ungespannt,18.05.2026,34.44,2.40,https://wasserportal.berlin.de/station.php?anzeige=g&thema=gws&station=5471,normal,https://wasserportal.berlin.de/station.php?anzeige=i&thema=gws&station=5471
5472,Lichtenberg,"GW-Stand, tagesaktuell",Hauptgrundwasserleiter (GWL 1.3 + 2),ungespannt,19.06.2026,34.15,1.65,https://wasserportal.berlin.de/station.php?anzeige=g&thema=gws&station=5472,normal,https://wasserportal.berlin.de/station.php?anzeige=i&thema=gws&station=5472
5473,Lichtenberg,GW-Stand,Hauptgrundwasserleiter (GWL 1.3 + 2),ungespannt,18.05.2026,34.25,1.75,https://wasserportal.berlin.de/station.php?anzeige=g&thema=gws&station=5473,normal,https://wasserportal.berlin.de/station.php?anzeige=i&thema=gws&station=5473
5476,Friedrichshain-Kreuzberg,"GW-Stand, tagesaktuell",Hauptgrundwasserleiter (GWL 1.3 + 2),ungespannt,19.06.2026,33.34,2.46,https://wasserportal.berlin.de/station.php?anzeige=g&thema=gws&station=5476,normal,https://wasserportal.berlin.de/station.php?anzeige=i&thema=gws&station=5476
5573,Treptow-Köpenick,"GW-Stand, tagesaktuell",Hauptgrundwasserleiter (GWL 1.3 + 2),ungespannt,19.06.2026,31.05,3.67,https://wasserportal.berlin.de/station.php?anzeige=g&thema=gws&station=5573,sehr niedrig,https://wasserportal.berlin.de/station.php?anzeige=i&thema=gws&station=5573
5581,Marzahn-Hellersdorf,"GW-Stand, tagesaktuell",Elsterzeitl. GW-Leiter (GWL 3),gespannt,19.06.2026,37.10,keine Angabe,https://wasserportal.berlin.de/station.php?anzeige=g&thema=gws&station=5581,normal,https://wasserportal.berlin.de/station.php?anzeige=i&thema=gws&station=5581
5600,Marzahn-Hellersdorf,GW-Stand,Hauptgrundwasserleiter (GWL 1.3 + 2),gespannt,03.06.2026,44.36,keine Angabe,https://wasserportal.berlin.de/station.php?anzeige=g&thema=gws&station=5600,sehr niedrig,https://wasserportal.berlin.de/station.php?anzeige=i&thema=gws&station=5600
6004,Mitte,GW-Stand,Hauptgrundwasserleiter (GWL 1.3 + 2),gespannt,18.12.2025,30.89,keine Angabe,https://wasserportal.berlin.de/station.php?anzeige=g&thema=gws&station=6004,keine,https://wasserportal.berlin.de/station.php?anzeige=i&thema=gws&station=6004
6007,Mitte,GW-Stand,Tertiäre GW-Leiter (GWL 4),gespannt,12.05.2026,30.97,keine Angabe,https://wasserportal.berlin.de/station.php?anzeige=g&thema=gws&station=6007,normal,https://wasserportal.berlin.de/station.php?anzeige=i&thema=gws&station=6007
6010,Mitte,GW-Stand + GW-Güte,Hauptgrundwasserleiter (GWL 1.3 + 2),gespannt,19.05.2026,34.42,keine Angabe,https://wasserportal.berlin.de/station.php?anzeige=g&thema=gws&station=6010,normal,https://wasserportal.berlin.de/station.php?anzeige=i&thema=gws&station=6010
6011,Mitte,GW-Stand,Tertiäre GW-Leiter (GWL 4),gespannt,19.05.2026,33.61,keine Angabe,https://wasserportal.berlin.de/station.php?anzeige=g&thema=gws&station=6011,normal,https://wasserportal.berlin.de/station.php?anzeige=i&thema=gws&station=6011
6012,Mitte,GW-Stand,Hauptgrundwasserleiter (GWL 1.3 + 2),gespannt,12.05.2026,39.60,keine Angabe,https://wasserportal.berlin.de/station.php?anzeige=g&thema=gws&station=6012,sehr niedrig,https://wasserportal.berlin.de/station.php?anzeige=i&thema=gws&station=6012
6013,Mitte,GW-Stand,Tertiäre GW-Leiter (GWL 4),gespannt,12.05.2026,35.37,keine Angabe,https://wasserportal.berlin.de/station.php?anzeige=g&thema=gws&station=6013,normal,https://wasserportal.berlin.de/station.php?anzeige=i&thema=gws&station=6013
6015,Mitte,GW-Stand + GW-Güte,Tertiäre GW-Leiter (GWL 4),gespannt,08.05.2026,32.41,keine Angabe,https://wasserportal.berlin.de/station.php?anzeige=g&thema=gws&station=6015,normal,https://wasserportal.berlin.de/station.php?anzeige=i&thema=gws&station=6015
6016,Reinickendorf,GW-Stand + GW-Güte,Hauptgrundwasserleiter (GWL 1.3 + 2),gespannt,08.05.2026,38.82,keine Angabe,https://wasserportal.berlin.de/station.php?anzeige=g&thema=gws&station=6016,normal,https://wasserportal.berlin.de/station.php?anzeige=i&thema=gws&station=6016
6017,Reinickendorf,GW-Stand + GW-Güte,Tertiäre GW-Leiter (GWL 4),gespannt,08.05.2026,33.80,keine Angabe,https://wasserportal.berlin.de/station.php?anzeige=g&thema=gws&station=6017,normal,https://wasserportal.berlin.de/station.php?anzeige=i&thema=gws&station=6017
6020,Reinickendorf,GW-Stand + GW-Güte,Hauptgrundwasserleiter (GWL 1.3 + 2),ungespannt,08.05.2026,33.24,4.10,https://wasserportal.berlin.de/station.php?anzeige=g&thema=gws&station=6020,extrem niedrig,https://wasserportal.berlin.de/station.php?anzeige=i&thema=gws&station=6020
6021,Reinickendorf,GW-Stand,Hauptgrundwasserleiter (GWL 1.3 + 2),gespannt,08.05.2026,33.42,keine Angabe,https://wasserportal.berlin.de/station.php?anzeige=g&thema=gws&station=6021,extrem niedrig,https://wasserportal.berlin.de/station.php?anzeige=i&thema=gws&station=6021
6022,Reinickendorf,GW-Stand,Tertiäre GW-Leiter (GWL 4),gespannt,08.05.2026,32.61,keine Angabe,https://wasserportal.berlin.de/station.php?anzeige=g&thema=gws&station=6022,normal,https://wasserportal.berlin.de/station.php?anzeige=i&thema=gws&station=6022
6023,Reinickendorf,"GW-Stand, tagesaktuell + GW-Güte",Hauptgrundwasserleiter (GWL 1.3 + 2),gespannt,19.06.2026,30.72,keine Angabe,https://wasserportal.berlin.de/station.php?anzeige=g&thema=gws&station=6023,sehr niedrig,https://wasserportal.berlin.de/station.php?anzeige=i&thema=gws&station=6023
6024,Reinickendorf,"GW-Stand, tagesaktuell",Tertiäre GW-Leiter (GWL 4),gespannt,19.06.2026,31.98,keine Angabe,https://wasserportal.berlin.de/station.php?anzeige=g&thema=gws&station=6024,normal,https://wasserportal.berlin.de/station.php?anzeige=i&thema=gws&station=6024
6025,Mitte,GW-Stand,Hauptgrundwasserleiter (GWL 1.3 + 2),gespannt,08.05.2026,31.27,keine Angabe,https://wasserportal.berlin.de/station.php?anzeige=g&thema=gws&station=6025,normal,https://wasserportal.berlin.de/station.php?anzeige=i&thema=gws&station=6025
6026,Mitte,GW-Stand + GW-Güte,Tertiäre GW-Leiter (GWL 4),gespannt,08.05.2026,31.39,keine Angabe,https://wasserportal.berlin.de/station.php?anzeige=g&thema=gws&station=6026,normal,https://wasserportal.berlin.de/station.php?anzeige=i&thema=gws&station=6026
6027,Reinickendorf,"GW-Stand, tagesaktuell",Hauptgrundwasserleiter (GWL 1.3 + 2),gespannt,19.06.2026,30.00,keine Angabe,https://wasserportal.berlin.de/station.php?anzeige=g&thema=gws&station=6027,sehr niedrig,https://wasserportal.berlin.de/station.php?anzeige=i&thema=gws&station=6027
6029,Reinickendorf,GW-Stand,Elsterzeitl. GW-Leiter (GWL 3),gespannt,09.05.2026,30.56,keine Angabe,https://wasserportal.berlin.de/station.php?anzeige=g&thema=gws&station=6029,normal,https://wasserportal.berlin.de/station.php?anzeige=i&thema=gws&station=6029
6034,Reinickendorf,"GW-Stand, tagesaktuell",Hauptgrundwasserleiter (GWL 1.3 + 2),gespannt,19.06.2026,29.15,keine Angabe,https://wasserportal.berlin.de/station.php?anzeige=g&thema=gws&station=6034,niedrig,https://wasserportal.berlin.de/station.php?anzeige=i&thema=gws&station=6034
6035,Reinickendorf,GW-Stand,Elsterzeitl. GW-Leiter (GWL 3),gespannt,09.05.2026,30.16,keine Angabe,https://wasserportal.berlin.de/station.php?anzeige=g&thema=gws&station=6035,extrem niedrig,https://wasserportal.berlin.de/station.php?anzeige=i&thema=gws&station=6035
6038,Reinickendorf,"GW-Stand, tagesaktuell + GW-Güte",Hauptgrundwasserleiter (GWL 1.3 + 2),gespannt,19.06.2026,30.71,keine Angabe,https://wasserportal.berlin.de/station.php?anzeige=g&thema=gws&station=6038,sehr niedrig,https://wasserportal.berlin.de/station.php?anzeige=i&thema=gws&station=6038
6040,Reinickendorf,GW-Stand,Tertiäre GW-Leiter (GWL 4),gespannt,07.05.2026,33.64,keine Angabe,https://wasserportal.berlin.de/station.php?anzeige=g&thema=gws&station=6040,hoch,https://wasserportal.berlin.de/station.php?anzeige=i&thema=gws&station=6040
6043,Reinickendorf,GW-Stand,Tertiäre GW-Leiter (GWL 4),gespannt,07.05.2026,31.86,keine Angabe,https://wasserportal.berlin.de/station.php?anzeige=g&thema=gws&station=6043,sehr niedrig,https://wasserportal.berlin.de/station.php?anzeige=i&thema=gws&station=6043
6044,Reinickendorf,GW-Stand,Tertiäre GW-Leiter (GWL 4),gespannt,07.05.2026,32.39,keine Angabe,https://wasserportal.berlin.de/station.php?anzeige=g&thema=gws&station=6044,niedrig,https://wasserportal.berlin.de/station.php?anzeige=i&thema=gws&station=6044
6047,Reinickendorf,"GW-Stand, tagesaktuell + GW-Güte",Hauptgrundwasserleiter (GWL 1.3 + 2),ungespannt,19.06.2026,30.79,4.81,https://wasserportal.berlin.de/station.php?anzeige=g&thema=gws&station=6047,sehr niedrig,https://wasserportal.berlin.de/station.php?anzeige=i&thema=gws&station=6047
6056,Reinickendorf,GW-Stand + GW-Güte,Hauptgrundwasserleiter (GWL 1.3 + 2),ungespannt,18.05.2026,30.27,3.45,https://wasserportal.berlin.de/station.php?anzeige=g&thema=gws&station=6056,extrem niedrig,https://wasserportal.berlin.de/station.php?anzeige=i&thema=gws&station=6056
6057,Reinickendorf,"GW-Stand, tagesaktuell",Hauptgrundwasserleiter (GWL 1.3 + 2),gespannt,19.06.2026,30.02,keine Angabe,https://wasserportal.berlin.de/station.php?anzeige=g&thema=gws&station=6057,extrem niedrig,https://wasserportal.berlin.de/station.php?anzeige=i&thema=gws&station=6057
6059,Reinickendorf,GW-Stand,Tertiäre GW-Leiter (GWL 4),gespannt,18.05.2026,30.60,keine Angabe,https://wasserportal.berlin.de/station.php?anzeige=g&thema=gws&station=6059,extrem niedrig,https://wasserportal.berlin.de/station.php?anzeige=i&thema=gws&station=6059
6060,Reinickendorf,"GW-Stand, tagesaktuell",Hauptgrundwasserleiter (GWL 1.3 + 2),ungespannt,19.06.2026,29.24,5.58,https://wasserportal.berlin.de/station.php?anzeige=g&thema=gws&station=6060,extrem niedrig,https://wasserportal.berlin.de/station.php?anzeige=i&thema=gws&station=6060
6063,Reinickendorf,"GW-Stand, tagesaktuell + GW-Güte",Hauptgrundwasserleiter (GWL 1.3 + 2),ungespannt,19.06.2026,30.89,5.09,https://wasserportal.berlin.de/station.php?anzeige=g&thema=gws&station=6063,sehr niedrig,https://wasserportal.berlin.de/station.php?anzeige=i&thema=gws&station=6063
6064,Reinickendorf,"GW-Stand, tagesaktuell",Hauptgrundwasserleiter (GWL 1.3 + 2),gespannt,19.06.2026,30.88,keine Angabe,https://wasserportal.berlin.de/station.php?anzeige=g&thema=gws&station=6064,sehr niedrig,https://wasserportal.berlin.de/station.php?anzeige=i&thema=gws&station=6064
6066,Reinickendorf,"GW-Stand, tagesaktuell + GW-Güte",Tertiäre GW-Leiter (GWL 4),gespannt,19.06.2026,30.86,keine Angabe,https://wasserportal.berlin.de/station.php?anzeige=g&thema=gws&station=6066,extrem niedrig,https://wasserportal.berlin.de/station.php?anzeige=i&thema=gws&station=6066
6067,Reinickendorf,"GW-Stand, tagesaktuell + GW-Güte",Hauptgrundwasserleiter (GWL 1.3 + 2),ungespannt,19.06.2026,30.70,4.22,https://wasserportal.berlin.de/station.php?anzeige=g&thema=gws&station=6067,extrem niedrig,https://wasserportal.berlin.de/station.php?anzeige=i&thema=gws&station=6067
6069,Reinickendorf,GW-Stand + GW-Güte,Tertiäre GW-Leiter (GWL 4),gespannt,18.05.2026,30.93,keine Angabe,https://wasserportal.berlin.de/station.php?anzeige=g&thema=gws&station=6069,extrem niedrig,https://wasserportal.berlin.de/station.php?anzeige=i&thema=gws&station=6069
6076,Reinickendorf,GW-Stand,Tertiäre GW-Leiter (GWL 4),gespannt,07.05.2026,34.06,keine Angabe,https://wasserportal.berlin.de/station.php?anzeige=g&thema=gws&station=6076,hoch,https://wasserportal.berlin.de/station.php?anzeige=i&thema=gws&station=6076
6080,Reinickendorf,GW-Stand + GW-Güte,Tertiäre GW-Leiter (GWL 4),ungespannt,18.05.2026,31.37,1.78,https://wasserportal.berlin.de/station.php?anzeige=g&thema=gws&station=6080,normal,https://wasserportal.berlin.de/station.php?anzeige=i&thema=gws&station=6080
6082,Reinickendorf,"GW-Stand, tagesaktuell",Tertiäre GW-Leiter (GWL 4),gespannt,18.06.2026,31.15,keine Angabe,https://wasserportal.berlin.de/station.php?anzeige=g&thema=gws&station=6082,extrem niedrig,https://wasserportal.berlin.de/station.php?anzeige=i&thema=gws&station=6082
6084,Reinickendorf,"GW-Stand, tagesaktuell + GW-Güte",Tertiäre GW-Leiter (GWL 4),gespannt,16.06.2026,31.49,keine Angabe,https://wasserportal.berlin.de/station.php?anzeige=g&thema=gws&station=6084,extrem niedrig,https://wasserportal.berlin.de/station.php?anzeige=i&thema=gws&station=6084
6089,Reinickendorf,GW-Stand + GW-Güte,Hauptgrundwasserleiter (GWL 1.3 + 2),ungespannt,10.04.2026,32.35,5.89,https://wasserportal.berlin.de/station.php?anzeige=g&thema=gws&station=6089,keine,https://wasserportal.berlin.de/station.php?anzeige=i&thema=gws&station=6089
6092,Reinickendorf,GW-Stand,Tertiäre GW-Leiter (GWL 4),gespannt,10.04.2026,32.27,keine Angabe,https://wasserportal.berlin.de/station.php?anzeige=g&thema=gws&station=6092,keine,https://wasserportal.berlin.de/station.php?anzeige=i&thema=gws&station=6092
6093,Reinickendorf,GW-Stand,Hauptgrundwasserleiter (GWL 1.3 + 2),gespannt,07.05.2026,33.55,keine Angabe,https://wasserportal.berlin.de/station.php?anzeige=g&thema=gws&station=6093,normal,https://wasserportal.berlin.de/station.php?anzeige=i&thema=gws&station=6093
6095,Reinickendorf,GW-Stand,Tertiäre GW-Leiter (GWL 4),gespannt,09.04.2026,33.65,keine Angabe,https://wasserportal.berlin.de/station.php?anzeige=g&thema=gws&station=6095,keine,https://wasserportal.berlin.de/station.php?anzeige=i&thema=gws&station=6095
6097,Reinickendorf,GW-Stand + GW-Güte,Hauptgrundwasserleiter (GWL 1.3 + 2),gespannt,27.05.2026,33.70,keine Angabe,https://wasserportal.berlin.de/station.php?anzeige=g&thema=gws&station=6097,extrem niedrig,https://wasserportal.berlin.de/station.php?anzeige=i&thema=gws&station=6097
6102,Reinickendorf,GW-Stand,Tertiäre GW-Leiter (GWL 4),gespannt,01.06.2026,35.18,keine Angabe,https://wasserportal.berlin.de/station.php?anzeige=g&thema=gws&station=6102,extrem niedrig,https://wasserportal.berlin.de/station.php?anzeige=i&thema=gws&station=6102
6108,Reinickendorf,"GW-Stand, tagesaktuell",Hauptgrundwasserleiter (GWL 1.3 + 2),ungespannt,19.06.2026,31.38,17.31,https://wasserportal.berlin.de/station.php?anzeige=g&thema=gws&station=6108,extrem niedrig,https://wasserportal.berlin.de/station.php?anzeige=i&thema=gws&station=6108
6110,Reinickendorf,"GW-Stand, tagesaktuell",Tertiäre GW-Leiter (GWL 4),gespannt,19.06.2026,31.45,keine Angabe,https://wasserportal.berlin.de/station.php?anzeige=g&thema=gws&station=6110,extrem niedrig,https://wasserportal.berlin.de/station.php?anzeige=i&thema=gws&station=6110
6111,Reinickendorf,"GW-Stand, tagesaktuell",Tertiäre GW-Leiter (GWL 4),gespannt,18.06.2026,31.69,keine Angabe,https://wasserportal.berlin.de/station.php?anzeige=g&thema=gws&station=6111,extrem niedrig,https://wasserportal.berlin.de/station.php?anzeige=i&thema=gws&station=6111
6112,Reinickendorf,"GW-Stand, tagesaktuell",Hauptgrundwasserleiter (GWL 1.3 + 2),ungespannt,19.06.2026,30.53,3.75,https://wasserportal.berlin.de/station.php?anzeige=g&thema=gws&station=6112,extrem niedrig,https://wasserportal.berlin.de/station.php?anzeige=i&thema=gws&station=6112
6113,Reinickendorf,"GW-Stand, tagesaktuell + GW-Güte",Tertiäre GW-Leiter (GWL 4),gespannt,19.06.2026,31.09,keine Angabe,https://wasserportal.berlin.de/station.php?anzeige=g&thema=gws&station=6113,extrem niedrig,https://wasserportal.berlin.de/station.php?anzeige=i&thema=gws&station=6113
6114,Reinickendorf,"GW-Stand, tagesaktuell",Tertiäre GW-Leiter (GWL 4),gespannt,18.05.2026,31.44,keine Angabe,https://wasserportal.berlin.de/station.php?anzeige=g&thema=gws&station=6114,extrem niedrig,https://wasserportal.berlin.de/station.php?anzeige=i&thema=gws&station=6114
6115,Reinickendorf,GW-Stand,Tertiäre GW-Leiter (GWL 4),gespannt,18.05.2026,31.50,keine Angabe,https://wasserportal.berlin.de/station.php?anzeige=g&thema=gws&station=6115,sehr niedrig,https://wasserportal.berlin.de/station.php?anzeige=i&thema=gws&station=6115
6119,Reinickendorf,GW-Stand,Tertiäre GW-Leiter (GWL 4),gespannt,01.06.2026,34.14,keine Angabe,https://wasserportal.berlin.de/station.php?anzeige=g&thema=gws&station=6119,extrem niedrig,https://wasserportal.berlin.de/station.php?anzeige=i&thema=gws&station=6119
6121,Reinickendorf,GW-Stand + GW-Güte,Hauptgrundwasserleiter (GWL 1.3 + 2),gespannt,01.06.2026,36.65,keine Angabe,https://wasserportal.berlin.de/station.php?anzeige=g&thema=gws&station=6121,extrem niedrig,https://wasserportal.berlin.de/station.php?anzeige=i&thema=gws&station=6121
6125,Reinickendorf,GW-Stand,Tertiäre GW-Leiter (GWL 4),gespannt,01.06.2026,35.71,keine Angabe,https://wasserportal.berlin.de/station.php?anzeige=g&thema=gws&station=6125,extrem niedrig,https://wasserportal.berlin.de/station.php?anzeige=i&thema=gws&station=6125
6127,Reinickendorf,GW-Stand,Weitere,gespannt,01.06.2026,45.24,keine Angabe,https://wasserportal.berlin.de/station.php?anzeige=g&thema=gws&station=6127,extrem niedrig,https://wasserportal.berlin.de/station.php?anzeige=i&thema=gws&station=6127
6501,Steglitz-Zehlendorf,GW-Stand,Hauptgrundwasserleiter (GWL 1.3 + 2),ungespannt,09.06.2026,34.99,5.23,https://wasserportal.berlin.de/station.php?anzeige=g&thema=gws&station=6501,normal,https://wasserportal.berlin.de/station.php?anzeige=i&thema=gws&station=6501
6504,Pankow,"GW-Stand, tagesaktuell + GW-Güte",Hauptgrundwasserleiter (GWL 1.3 + 2),gespannt,19.06.2026,51.77,keine Angabe,https://wasserportal.berlin.de/station.php?anzeige=g&thema=gws&station=6504,sehr niedrig,https://wasserportal.berlin.de/station.php?anzeige=i&thema=gws&station=6504
6510,Pankow,GW-Stand + GW-Güte,Hauptgrundwasserleiter (GWL 1.3 + 2),gespannt,23.05.2026,44.01,keine Angabe,https://wasserportal.berlin.de/station.php?anzeige=g&thema=gws&station=6510,normal,https://wasserportal.berlin.de/station.php?anzeige=i&thema=gws&station=6510
6511,Pankow,"GW-Stand, tagesaktuell + GW-Güte",Tertiäre GW-Leiter (GWL 4),gespannt,19.06.2026,48.23,keine Angabe,https://wasserportal.berlin.de/station.php?anzeige=g&thema=gws&station=6511,niedrig,https://wasserportal.berlin.de/station.php?anzeige=i&thema=gws&station=6511
6515,Lichtenberg,GW-Stand + GW-Güte,Hauptgrundwasserleiter (GWL 1.3 + 2),gespannt,02.06.2026,36.72,keine Angabe,https://wasserportal.berlin.de/station.php?anzeige=g&thema=gws&station=6515,niedrig,https://wasserportal.berlin.de/station.php?anzeige=i&thema=gws&station=6515
6516,Lichtenberg,GW-Stand,Hauptgrundwasserleiter (GWL 1.3 + 2),gespannt,18.05.2026,36.75,keine Angabe,https://wasserportal.berlin.de/station.php?anzeige=g&thema=gws&station=6516,niedrig,https://wasserportal.berlin.de/station.php?anzeige=i&thema=gws&station=6516
6518,Pankow,"GW-Stand, tagesaktuell + GW-Güte",Weitere,gespannt,19.06.2026,42.89,keine Angabe,https://wasserportal.berlin.de/station.php?anzeige=g&thema=gws&station=6518,keine,https://wasserportal.berlin.de/station.php?anzeige=i&thema=gws&station=6518
6520,Pankow,GW-Stand + GW-Güte,Weitere,gespannt,07.05.2026,48.24,keine Angabe,https://wasserportal.berlin.de/station.php?anzeige=g&thema=gws&station=6520,extrem niedrig,https://wasserportal.berlin.de/station.php?anzeige=i&thema=gws&station=6520
6522,Lichtenberg,"GW-Stand, tagesaktuell + GW-Güte",Hauptgrundwasserleiter (GWL 1.3 + 2),gespannt,19.06.2026,47.23,keine Angabe,https://wasserportal.berlin.de/station.php?anzeige=g&thema=gws&station=6522,extrem niedrig,https://wasserportal.berlin.de/station.php?anzeige=i&thema=gws&station=6522
6532,Marzahn-Hellersdorf,"GW-Stand, tagesaktuell",Weitere,gespannt,19.06.2026,49.27,keine Angabe,https://wasserportal.berlin.de/station.php?anzeige=g&thema=gws&station=6532,keine,https://wasserportal.berlin.de/station.php?anzeige=i&thema=gws&station=6532
6533,Marzahn-Hellersdorf,"GW-Stand, tagesaktuell + GW-Güte",Weitere,gespannt,19.06.2026,42.86,keine Angabe,https://wasserportal.berlin.de/station.php?anzeige=g&thema=gws&station=6533,keine,https://wasserportal.berlin.de/station.php?anzeige=i&thema=gws&station=6533
6534,Marzahn-Hellersdorf,"GW-Stand, tagesaktuell + GW-Güte",Weitere,gespannt,19.06.2026,52.37,keine Angabe,https://wasserportal.berlin.de/station.php?anzeige=g&thema=gws&station=6534,extrem niedrig,https://wasserportal.berlin.de/station.php?anzeige=i&thema=gws&station=6534
6535,Marzahn-Hellersdorf,"GW-Stand, tagesaktuell + GW-Güte",Weitere,gespannt,19.06.2026,53.19,keine Angabe,https://wasserportal.berlin.de/station.php?anzeige=g&thema=gws&station=6535,keine,https://wasserportal.berlin.de/station.php?anzeige=i&thema=gws&station=6535
6548,Lichtenberg,GW-Stand + GW-Güte,Hauptgrundwasserleiter (GWL 1.3 + 2),gespannt,03.06.2026,43.04,keine Angabe,https://wasserportal.berlin.de/station.php?anzeige=g&thema=gws&station=6548,sehr niedrig,https://wasserportal.berlin.de/station.php?anzeige=i&thema=gws&station=6548
6560,Treptow-Köpenick,"GW-Stand, tagesaktuell",Hauptgrundwasserleiter (GWL 1.3 + 2),ungespannt,19.06.2026,31.53,2.62,https://wasserportal.berlin.de/station.php?anzeige=g&thema=gws&station=6560,normal,https://wasserportal.berlin.de/station.php?anzeige=i&thema=gws&station=6560
6567,Treptow-Köpenick,GW-Stand,Hauptgrundwasserleiter (GWL 1.3 + 2),ungespannt,15.06.2026,32.09,2.20,https://wasserportal.berlin.de/station.php?anzeige=g&thema=gws&station=6567,normal,https://wasserportal.berlin.de/station.php?anzeige=i&thema=gws&station=6567
6568,Treptow-Köpenick,GW-Stand,Hauptgrundwasserleiter (GWL 1.3 + 2),gespannt,15.06.2026,31.97,keine Angabe,https://wasserportal.berlin.de/station.php?anzeige=g&thema=gws&station=6568,normal,https://wasserportal.berlin.de/station.php?anzeige=i&thema=gws&station=6568
6743,Treptow-Köpenick,"GW-Stand, tagesaktuell",Hauptgrundwasserleiter (GWL 1.3 + 2),ungespannt,19.06.2026,32.33,0.62,https://wasserportal.berlin.de/station.php?anzeige=g&thema=gws&station=6743,sehr niedrig,https://wasserportal.berlin.de/station.php?anzeige=i&thema=gws&station=6743
6961,Pankow,GW-Stand,Hauptgrundwasserleiter (GWL 1.3 + 2),gespannt,03.06.2026,42.60,keine Angabe,https://wasserportal.berlin.de/station.php?anzeige=g&thema=gws&station=6961,sehr niedrig,https://wasserportal.berlin.de/station.php?anzeige=i&thema=gws&station=6961
6962,Pankow,GW-Stand,Hauptgrundwasserleiter (GWL 1.3 + 2),gespannt,21.05.2026,38.92,keine Angabe,https://wasserportal.berlin.de/station.php?anzeige=g&thema=gws&station=6962,sehr niedrig,https://wasserportal.berlin.de/station.php?anzeige=i&thema=gws&station=6962
6963,Friedrichshain-Kreuzberg,GW-Stand + GW-Güte,Hauptgrundwasserleiter (GWL 1.3 + 2),ungespannt,27.04.2026,32.80,2.42,https://wasserportal.berlin.de/station.php?anzeige=g&thema=gws&station=6963,hoch,https://wasserportal.berlin.de/station.php?anzeige=i&thema=gws&station=6963
6964,Pankow,GW-Stand,Hauptgrundwasserleiter (GWL 1.3 + 2),gespannt,07.05.2026,42.35,keine Angabe,https://wasserportal.berlin.de/station.php?anzeige=g&thema=gws&station=6964,sehr niedrig,https://wasserportal.berlin.de/station.php?anzeige=i&thema=gws&station=6964
6965,Pankow,GW-Stand,Hauptgrundwasserleiter (GWL 1.3 + 2),gespannt,22.05.2026,43.40,keine Angabe,https://wasserportal.berlin.de/station.php?anzeige=g&thema=gws&station=6965,normal,https://wasserportal.berlin.de/station.php?anzeige=i&thema=gws&station=6965
6967,Lichtenberg,"GW-Stand, tagesaktuell",Hauptgrundwasserleiter (GWL 1.3 + 2),gespannt,19.06.2026,38.93,keine Angabe,https://wasserportal.berlin.de/station.php?anzeige=g&thema=gws&station=6967,extrem niedrig,https://wasserportal.berlin.de/station.php?anzeige=i&thema=gws&station=6967
6968,Friedrichshain-Kreuzberg,GW-Stand,Hauptgrundwasserleiter (GWL 1.3 + 2),gespannt,02.06.2026,34.77,keine Angabe,https://wasserportal.berlin.de/station.php?anzeige=g&thema=gws&station=6968,normal,https://wasserportal.berlin.de/station.php?anzeige=i&thema=gws&station=6968
6973,Marzahn-Hellersdorf,GW-Stand,Weitere,gespannt,02.06.2026,53.19,keine Angabe,https://wasserportal.berlin.de/station.php?anzeige=g&thema=gws&station=6973,niedrig,https://wasserportal.berlin.de/station.php?anzeige=i&thema=gws&station=6973
6974,Marzahn-Hellersdorf,GW-Stand,Weitere,gespannt,29.04.2026,53.03,keine Angabe,https://wasserportal.berlin.de/station.php?anzeige=g&thema=gws&station=6974,normal,https://wasserportal.berlin.de/station.php?anzeige=i&thema=gws&station=6974
6975,Marzahn-Hellersdorf,GW-Stand,Weitere,gespannt,29.04.2026,52.74,keine Angabe,https://wasserportal.berlin.de/station.php?anzeige=g&thema=gws&station=6975,sehr niedrig,https://wasserportal.berlin.de/station.php?anzeige=i&thema=gws&station=6975
7003,Friedrichshain-Kreuzberg,GW-Stand,Tertiäre GW-Leiter (GWL 4),gespannt,04.06.2026,31.46,keine Angabe,https://wasserportal.berlin.de/station.php?anzeige=g&thema=gws&station=7003,hoch,https://wasserportal.berlin.de/station.php?anzeige=i&thema=gws&station=7003
7014,Tempelhof-Schöneberg,GW-Stand + GW-Güte,Hauptgrundwasserleiter (GWL 1.3 + 2),ungespannt,10.06.2026,33.26,12.02,https://wasserportal.berlin.de/station.php?anzeige=g&thema=gws&station=7014,sehr niedrig,https://wasserportal.berlin.de/station.php?anzeige=i&thema=gws&station=7014
7015,Tempelhof-Schöneberg,GW-Stand + GW-Güte,Elsterzeitl. GW-Leiter (GWL 3),gespannt,10.06.2026,33.30,keine Angabe,https://wasserportal.berlin.de/station.php?anzeige=g&thema=gws&station=7015,extrem niedrig,https://wasserportal.berlin.de/station.php?anzeige=i&thema=gws&station=7015
7016,Tempelhof-Schöneberg,GW-Stand,Tertiäre GW-Leiter (GWL 4),gespannt,10.06.2026,33.74,keine Angabe,https://wasserportal.berlin.de/station.php?anzeige=g&thema=gws&station=7016,extrem niedrig,https://wasserportal.berlin.de/station.php?anzeige=i&thema=gws&station=7016
7018,Tempelhof-Schöneberg,GW-Stand + GW-Güte,Hauptgrundwasserleiter (GWL 1.3 + 2),gespannt,10.06.2026,32.96,keine Angabe,https://wasserportal.berlin.de/station.php?anzeige=g&thema=gws&station=7018,extrem niedrig,https://wasserportal.berlin.de/station.php?anzeige=i&thema=gws&station=7018
7027,Charlottenburg-Wilmersdorf,GW-Stand + GW-Güte,Hauptgrundwasserleiter (GWL 1.3 + 2),gespannt,08.06.2026,31.88,keine Angabe,https://wasserportal.berlin.de/station.php?anzeige=g&thema=gws&station=7027,normal,https://wasserportal.berlin.de/station.php?anzeige=i&thema=gws&station=7027
7028,Charlottenburg-Wilmersdorf,GW-Stand,Tertiäre GW-Leiter (GWL 4),gespannt,07.05.2026,31.93,keine Angabe,https://wasserportal.berlin.de/station.php?anzeige=g&thema=gws&station=7028,normal,https://wasserportal.berlin.de/station.php?anzeige=i&thema=gws&station=7028
7029,Tempelhof-Schöneberg,GW-Stand,Hauptgrundwasserleiter (GWL 1.3 + 2),ungespannt,13.04.2026,31.72,3.98,https://wasserportal.berlin.de/station.php?anzeige=g&thema=gws&station=7029,keine,https://wasserportal.berlin.de/station.php?anzeige=i&thema=gws&station=7029
7030,Tempelhof-Schöneberg,GW-Stand + GW-Güte,Tertiäre GW-Leiter (GWL 4),gespannt,13.04.2026,31.86,keine Angabe,https://wasserportal.berlin.de/station.php?anzeige=g&thema=gws&station=7030,keine,https://wasserportal.berlin.de/station.php?anzeige=i&thema=gws&station=7030
7039,Charlottenburg-Wilmersdorf,GW-Stand + GW-Güte,Hauptgrundwasserleiter (GWL 1.3 + 2),ungespannt,02.06.2026,30.95,11.66,https://wasserportal.berlin.de/station.php?anzeige=g&thema=gws&station=7039,niedrig,https://wasserportal.berlin.de/station.php?anzeige=i&thema=gws&station=7039
7040,Charlottenburg-Wilmersdorf,GW-Stand,Tertiäre GW-Leiter (GWL 4),gespannt,09.06.2026,30.26,keine Angabe,https://wasserportal.berlin.de/station.php?anzeige=g&thema=gws&station=7040,keine,https://wasserportal.berlin.de/station.php?anzeige=i&thema=gws&station=7040
7041,Charlottenburg-Wilmersdorf,GW-Stand,Hauptgrundwasserleiter (GWL 1.3 + 2),ungespannt,02.06.2026,30.51,3.38,https://wasserportal.berlin.de/station.php?anzeige=g&thema=gws&station=7041,extrem niedrig,https://wasserportal.berlin.de/station.php?anzeige=i&thema=gws&station=7041
7042,Charlottenburg-Wilmersdorf,GW-Stand + GW-Güte,Elsterzeitl. GW-Leiter (GWL 3),gespannt,02.06.2026,30.33,keine Angabe,https://wasserportal.berlin.de/station.php?anzeige=g&thema=gws&station=7042,extrem niedrig,https://wasserportal.berlin.de/station.php?anzeige=i&thema=gws&station=7042
7044,Charlottenburg-Wilmersdorf,GW-Stand + GW-Güte,Hauptgrundwasserleiter (GWL 1.3 + 2),ungespannt,28.04.2026,29.08,25.43,https://wasserportal.berlin.de/station.php?anzeige=g&thema=gws&station=7044,extrem niedrig,https://wasserportal.berlin.de/station.php?anzeige=i&thema=gws&station=7044
7045,Charlottenburg-Wilmersdorf,GW-Stand + GW-Güte,Tertiäre GW-Leiter (GWL 4),gespannt,27.03.2026,28.78,keine Angabe,https://wasserportal.berlin.de/station.php?anzeige=g&thema=gws&station=7045,keine,https://wasserportal.berlin.de/station.php?anzeige=i&thema=gws&station=7045
7048,Charlottenburg-Wilmersdorf,GW-Stand,Hauptgrundwasserleiter (GWL 1.3 + 2),gespannt,02.06.2026,30.04,keine Angabe,https://wasserportal.berlin.de/station.php?anzeige=g&thema=gws&station=7048,extrem niedrig,https://wasserportal.berlin.de/station.php?anzeige=i&thema=gws&station=7048
7049,Charlottenburg-Wilmersdorf,GW-Stand,Tertiäre GW-Leiter (GWL 4),gespannt,02.06.2026,30.03,keine Angabe,https://wasserportal.berlin.de/station.php?anzeige=g&thema=gws&station=7049,extrem niedrig,https://wasserportal.berlin.de/station.php?anzeige=i&thema=gws&station=7049
7050,Charlottenburg-Wilmersdorf,"GW-Stand, tagesaktuell",Hauptgrundwasserleiter (GWL 1.3 + 2),gespannt,19.06.2026,28.33,keine Angabe,https://wasserportal.berlin.de/station.php?anzeige=g&thema=gws&station=7050,sehr niedrig,https://wasserportal.berlin.de/station.php?anzeige=i&thema=gws&station=7050
7054,Charlottenburg-Wilmersdorf,"GW-Stand, tagesaktuell",Hauptgrundwasserleiter (GWL 1.3 + 2),gespannt,19.06.2026,25.38,keine Angabe,https://wasserportal.berlin.de/station.php?anzeige=g&thema=gws&station=7054,extrem niedrig,https://wasserportal.berlin.de/station.php?anzeige=i&thema=gws&station=7054
7055,Charlottenburg-Wilmersdorf,"GW-Stand, tagesaktuell",Elsterzeitl. GW-Leiter (GWL 3),gespannt,19.06.2026,23.70,keine Angabe,https://wasserportal.berlin.de/station.php?anzeige=g&thema=gws&station=7055,extrem niedrig,https://wasserportal.berlin.de/station.php?anzeige=i&thema=gws&station=7055
7056,Charlottenburg-Wilmersdorf,"GW-Stand, tagesaktuell",Elsterzeitl. GW-Leiter (GWL 3),gespannt,19.06.2026,23.86,keine Angabe,https://wasserportal.berlin.de/station.php?anzeige=g&thema=gws&station=7056,extrem niedrig,https://wasserportal.berlin.de/station.php?anzeige=i&thema=gws&station=7056
7057,Neukölln,GW-Stand + GW-Güte,Hauptgrundwasserleiter (GWL 1.3 + 2),gespannt,20.05.2026,32.30,keine Angabe,https://wasserportal.berlin.de/station.php?anzeige=g&thema=gws&station=7057,normal,https://wasserportal.berlin.de/station.php?anzeige=i&thema=gws&station=7057
7058,Neukölln,GW-Stand,Elsterzeitl. GW-Leiter (GWL 3),gespannt,20.05.2026,32.62,keine Angabe,https://wasserportal.berlin.de/station.php?anzeige=g&thema=gws&station=7058,niedrig,https://wasserportal.berlin.de/station.php?anzeige=i&thema=gws&station=7058
7066,Neukölln,GW-Stand,Hauptgrundwasserleiter (GWL 1.3 + 2),ungespannt,20.05.2026,32.45,4.38,https://wasserportal.berlin.de/station.php?anzeige=g&thema=gws&station=7066,normal,https://wasserportal.berlin.de/station.php?anzeige=i&thema=gws&station=7066
7067,Neukölln,GW-Stand,Elsterzeitl. GW-Leiter (GWL 3),gespannt,20.05.2026,32.56,keine Angabe,https://wasserportal.berlin.de/station.php?anzeige=g&thema=gws&station=7067,normal,https://wasserportal.berlin.de/station.php?anzeige=i&thema=gws&station=7067
7076,Neukölln,GW-Stand,Elsterzeitl. GW-Leiter (GWL 3),gespannt,15.05.2026,33.82,keine Angabe,https://wasserportal.berlin.de/station.php?anzeige=g&thema=gws&station=7076,normal,https://wasserportal.berlin.de/station.php?anzeige=i&thema=gws&station=7076
7078,Neukölln,GW-Stand + GW-Güte,Hauptgrundwasserleiter (GWL 1.3 + 2),gespannt,29.04.2026,34.24,keine Angabe,https://wasserportal.berlin.de/station.php?anzeige=g&thema=gws&station=7078,sehr niedrig,https://wasserportal.berlin.de/station.php?anzeige=i&thema=gws&station=7078
7079,Neukölln,GW-Stand + GW-Güte,Elsterzeitl. GW-Leiter (GWL 3),gespannt,29.04.2026,34.47,keine Angabe,https://wasserportal.berlin.de/station.php?anzeige=g&thema=gws&station=7079,sehr niedrig,https://wasserportal.berlin.de/station.php?anzeige=i&thema=gws&station=7079
7081,Neukölln,GW-Stand + GW-Güte,Hauptgrundwasserleiter (GWL 1.3 + 2),gespannt,15.05.2026,35.33,keine Angabe,https://wasserportal.berlin.de/station.php?anzeige=g&thema=gws&station=7081,sehr niedrig,https://wasserportal.berlin.de/station.php?anzeige=i&thema=gws&station=7081
7082,Neukölln,GW-Stand,Elsterzeitl. GW-Leiter (GWL 3),gespannt,15.05.2026,35.28,keine Angabe,https://wasserportal.berlin.de/station.php?anzeige=g&thema=gws&station=7082,niedrig,https://wasserportal.berlin.de/station.php?anzeige=i&thema=gws&station=7082
7083,Neukölln,GW-Stand,Hauptgrundwasserleiter (GWL 1.3 + 2),gespannt,28.05.2026,34.18,keine Angabe,https://wasserportal.berlin.de/station.php?anzeige=g&thema=gws&station=7083,normal,https://wasserportal.berlin.de/station.php?anzeige=i&thema=gws&station=7083
7084,Neukölln,GW-Stand + GW-Güte,Elsterzeitl. GW-Leiter (GWL 3),gespannt,28.05.2026,34.24,keine Angabe,https://wasserportal.berlin.de/station.php?anzeige=g&thema=gws&station=7084,normal,https://wasserportal.berlin.de/station.php?anzeige=i&thema=gws&station=7084
7085,Neukölln,GW-Stand,Tertiäre GW-Leiter (GWL 4),gespannt,15.04.2026,34.91,keine Angabe,https://wasserportal.berlin.de/station.php?anzeige=g&thema=gws&station=7085,keine,https://wasserportal.berlin.de/station.php?anzeige=i&thema=gws&station=7085
7092,Tempelhof-Schöneberg,GW-Stand + GW-Güte,Hauptgrundwasserleiter (GWL 1.3 + 2),gespannt,15.05.2026,35.90,keine Angabe,https://wasserportal.berlin.de/station.php?anzeige=g&thema=gws&station=7092,keine,https://wasserportal.berlin.de/station.php?anzeige=i&thema=gws&station=7092
7098,Neukölln,GW-Stand + GW-Güte,Hauptgrundwasserleiter (GWL 1.3 + 2),gespannt,28.05.2026,34.78,keine Angabe,https://wasserportal.berlin.de/station.php?anzeige=g&thema=gws&station=7098,normal,https://wasserportal.berlin.de/station.php?anzeige=i&thema=gws&station=7098
7099,Neukölln,GW-Stand,Tertiäre GW-Leiter (GWL 4),gespannt,15.04.2026,34.93,keine Angabe,https://wasserportal.berlin.de/station.php?anzeige=g&thema=gws&station=7099,keine,https://wasserportal.berlin.de/station.php?anzeige=i&thema=gws&station=7099
7104,Tempelhof-Schöneberg,GW-Stand,Hauptgrundwasserleiter (GWL 1.3 + 2),ungespannt,19.05.2026,32.71,12.73,https://wasserportal.berlin.de/station.php?anzeige=g&thema=gws&station=7104,sehr niedrig,https://wasserportal.berlin.de/station.php?anzeige=i&thema=gws&station=7104
7106,Tempelhof-Schöneberg,GW-Stand,Elsterzeitl. GW-Leiter (GWL 3),gespannt,19.05.2026,32.92,keine Angabe,https://wasserportal.berlin.de/station.php?anzeige=g&thema=gws&station=7106,sehr niedrig,https://wasserportal.berlin.de/station.php?anzeige=i&thema=gws&station=7106
7107,Tempelhof-Schöneberg,GW-Stand,Hauptgrundwasserleiter (GWL 1.3 + 2),ungespannt,19.05.2026,32.81,11.99,https://wasserportal.berlin.de/station.php?anzeige=g&thema=gws&station=7107,sehr niedrig,https://wasserportal.berlin.de/station.php?anzeige=i&thema=gws&station=7107
7109,Tempelhof-Schöneberg,GW-Stand + GW-Güte,Elsterzeitl. GW-Leiter (GWL 3),gespannt,19.05.2026,33.22,keine Angabe,https://wasserportal.berlin.de/station.php?anzeige=g&thema=gws&station=7109,sehr niedrig,https://wasserportal.berlin.de/station.php?anzeige=i&thema=gws&station=7109
7110,Tempelhof-Schöneberg,GW-Stand,Tertiäre GW-Leiter (GWL 4),gespannt,19.05.2026,33.16,keine Angabe,https://wasserportal.berlin.de/station.php?anzeige=g&thema=gws&station=7110,sehr niedrig,https://wasserportal.berlin.de/station.php?anzeige=i&thema=gws&station=7110
7111,Tempelhof-Schöneberg,GW-Stand + GW-Güte,Hauptgrundwasserleiter (GWL 1.3 + 2),ungespannt,03.06.2026,32.45,13.41,https://wasserportal.berlin.de/station.php?anzeige=g&thema=gws&station=7111,sehr niedrig,https://wasserportal.berlin.de/station.php?anzeige=i&thema=gws&station=7111
7112,Tempelhof-Schöneberg,GW-Stand,Tertiäre GW-Leiter (GWL 4),ungespannt,03.06.2026,33.36,12.57,https://wasserportal.berlin.de/station.php?anzeige=g&thema=gws&station=7112,niedrig,https://wasserportal.berlin.de/station.php?anzeige=i&thema=gws&station=7112
7114,Tempelhof-Schöneberg,GW-Stand,Hauptgrundwasserleiter (GWL 1.3 + 2),gespannt,03.06.2026,33.83,keine Angabe,https://wasserportal.berlin.de/station.php?anzeige=g&thema=gws&station=7114,extrem niedrig,https://wasserportal.berlin.de/station.php?anzeige=i&thema=gws&station=7114
7117,Tempelhof-Schöneberg,GW-Stand,Hauptgrundwasserleiter (GWL 1.3 + 2),gespannt,03.06.2026,33.08,keine Angabe,https://wasserportal.berlin.de/station.php?anzeige=g&thema=gws&station=7117,sehr niedrig,https://wasserportal.berlin.de/station.php?anzeige=i&thema=gws&station=7117
7118,Tempelhof-Schöneberg,GW-Stand,Elsterzeitl. GW-Leiter (GWL 3),gespannt,03.06.2026,33.86,keine Angabe,https://wasserportal.berlin.de/station.php?anzeige=g&thema=gws&station=7118,sehr niedrig,https://wasserportal.berlin.de/station.php?anzeige=i&thema=gws&station=7118
7119,Tempelhof-Schöneberg,GW-Stand,Tertiäre GW-Leiter (GWL 4),gespannt,03.06.2026,33.91,keine Angabe,https://wasserportal.berlin.de/station.php?anzeige=g&thema=gws&station=7119,sehr niedrig,https://wasserportal.berlin.de/station.php?anzeige=i&thema=gws&station=7119
7125,Tempelhof-Schöneberg,"GW-Stand, tagesaktuell",Hauptgrundwasserleiter (GWL 1.3 + 2),gespannt,02.06.2026,32.74,keine Angabe,https://wasserportal.berlin.de/station.php?anzeige=g&thema=gws&station=7125,extrem niedrig,https://wasserportal.berlin.de/station.php?anzeige=i&thema=gws&station=7125
7126,Tempelhof-Schöneberg,"GW-Stand, tagesaktuell",Elsterzeitl. GW-Leiter (GWL 3),gespannt,19.06.2026,35.70,keine Angabe,https://wasserportal.berlin.de/station.php?anzeige=g&thema=gws&station=7126,extrem niedrig,https://wasserportal.berlin.de/station.php?anzeige=i&thema=gws&station=7126
7127,Tempelhof-Schöneberg,"GW-Stand, tagesaktuell",Elsterzeitl. GW-Leiter (GWL 3),gespannt,19.06.2026,35.08,keine Angabe,https://wasserportal.berlin.de/station.php?anzeige=g&thema=gws&station=7127,extrem niedrig,https://wasserportal.berlin.de/station.php?anzeige=i&thema=gws&station=7127
7128,Tempelhof-Schöneberg,"GW-Stand, tagesaktuell",Tertiäre GW-Leiter (GWL 4),gespannt,19.06.2026,34.97,keine Angabe,https://wasserportal.berlin.de/station.php?anzeige=g&thema=gws&station=7128,extrem niedrig,https://wasserportal.berlin.de/station.php?anzeige=i&thema=gws&station=7128
7132,Tempelhof-Schöneberg,"GW-Stand, tagesaktuell + GW-Güte",Hauptgrundwasserleiter (GWL 1.3 + 2),gespannt,19.06.2026,36.20,keine Angabe,https://wasserportal.berlin.de/station.php?anzeige=g&thema=gws&station=7132,extrem niedrig,https://wasserportal.berlin.de/station.php?anzeige=i&thema=gws&station=7132
7136,Tempelhof-Schöneberg,"GW-Stand, tagesaktuell + GW-Güte",Hauptgrundwasserleiter (GWL 1.3 + 2),ungespannt,19.06.2026,38.49,5.36,https://wasserportal.berlin.de/station.php?anzeige=g&thema=gws&station=7136,sehr niedrig,https://wasserportal.berlin.de/station.php?anzeige=i&thema=gws&station=7136
7137,Tempelhof-Schöneberg,GW-Stand + GW-Güte,Elsterzeitl. GW-Leiter (GWL 3),gespannt,26.05.2026,37.15,keine Angabe,https://wasserportal.berlin.de/station.php?anzeige=g&thema=gws&station=7137,sehr niedrig,https://wasserportal.berlin.de/station.php?anzeige=i&thema=gws&station=7137
7145,Tempelhof-Schöneberg,GW-Stand,Elsterzeitl. GW-Leiter (GWL 3),gespannt,26.05.2026,37.02,keine Angabe,https://wasserportal.berlin.de/station.php?anzeige=g&thema=gws&station=7145,sehr niedrig,https://wasserportal.berlin.de/station.php?anzeige=i&thema=gws&station=7145
7146,Tempelhof-Schöneberg,GW-Stand,Elsterzeitl. GW-Leiter (GWL 3),gespannt,26.05.2026,36.64,keine Angabe,https://wasserportal.berlin.de/station.php?anzeige=g&thema=gws&station=7146,extrem niedrig,https://wasserportal.berlin.de/station.php?anzeige=i&thema=gws&station=7146
7147,Steglitz-Zehlendorf,"GW-Stand, tagesaktuell",Hauptgrundwasserleiter (GWL 1.3 + 2),gespannt,19.06.2026,33.02,keine Angabe,https://wasserportal.berlin.de/station.php?anzeige=g&thema=gws&station=7147,sehr niedrig,https://wasserportal.berlin.de/station.php?anzeige=i&thema=gws&station=7147
7161,Steglitz-Zehlendorf,"GW-Stand, tagesaktuell + GW-Güte",Elsterzeitl. GW-Leiter (GWL 3),gespannt,19.06.2026,32.75,keine Angabe,https://wasserportal.berlin.de/station.php?anzeige=g&thema=gws&station=7161,extrem niedrig,https://wasserportal.berlin.de/station.php?anzeige=i&thema=gws&station=7161
7168,Steglitz-Zehlendorf,GW-Stand + GW-Güte,Elsterzeitl. GW-Leiter (GWL 3),gespannt,09.06.2026,34.12,keine Angabe,https://wasserportal.berlin.de/station.php?anzeige=g&thema=gws&station=7168,extrem niedrig,https://wasserportal.berlin.de/station.php?anzeige=i&thema=gws&station=7168
7171,Steglitz-Zehlendorf,GW-Stand + GW-Güte,Hauptgrundwasserleiter (GWL 1.3 + 2),gespannt,26.05.2026,35.81,keine Angabe,https://wasserportal.berlin.de/station.php?anzeige=g&thema=gws&station=7171,extrem niedrig,https://wasserportal.berlin.de/station.php?anzeige=i&thema=gws&station=7171
7172,Steglitz-Zehlendorf,GW-Stand + GW-Güte,Elsterzeitl. GW-Leiter (GWL 3),gespannt,26.05.2026,35.29,keine Angabe,https://wasserportal.berlin.de/station.php?anzeige=g&thema=gws&station=7172,extrem niedrig,https://wasserportal.berlin.de/station.php?anzeige=i&thema=gws&station=7172
7173,Steglitz-Zehlendorf,GW-Stand + GW-Güte,Tertiäre GW-Leiter (GWL 4),gespannt,21.04.2026,35.25,keine Angabe,https://wasserportal.berlin.de/station.php?anzeige=g&thema=gws&station=7173,sehr niedrig,https://wasserportal.berlin.de/station.php?anzeige=i&thema=gws&station=7173
7178,Steglitz-Zehlendorf,GW-Stand,Tertiäre GW-Leiter (GWL 4),gespannt,09.06.2026,34.22,keine Angabe,https://wasserportal.berlin.de/station.php?anzeige=g&thema=gws&station=7178,extrem niedrig,https://wasserportal.berlin.de/station.php?anzeige=i&thema=gws&station=7178
7180,Steglitz-Zehlendorf,GW-Stand + GW-Güte,Elsterzeitl. GW-Leiter (GWL 3),gespannt,23.03.2026,34.13,keine Angabe,https://wasserportal.berlin.de/station.php?anzeige=g&thema=gws&station=7180,keine,https://wasserportal.berlin.de/station.php?anzeige=i&thema=gws&station=7180
7182,Steglitz-Zehlendorf,GW-Stand,Tertiäre GW-Leiter (GWL 4),gespannt,23.03.2026,34.39,keine Angabe,https://wasserportal.berlin.de/station.php?anzeige=g&thema=gws&station=7182,keine,https://wasserportal.berlin.de/station.php?anzeige=i&thema=gws&station=7182
7192,Steglitz-Zehlendorf,GW-Stand,Hauptgrundwasserleiter (GWL 1.3 + 2),gespannt,26.05.2026,35.09,keine Angabe,https://wasserportal.berlin.de/station.php?anzeige=g&thema=gws&station=7192,extrem niedrig,https://wasserportal.berlin.de/station.php?anzeige=i&thema=gws&station=7192
7193,Steglitz-Zehlendorf,GW-Stand,Elsterzeitl. GW-Leiter (GWL 3),gespannt,23.03.2026,34.96,keine Angabe,https://wasserportal.berlin.de/station.php?anzeige=g&thema=gws&station=7193,keine,https://wasserportal.berlin.de/station.php?anzeige=i&thema=gws&station=7193
7194,Steglitz-Zehlendorf,GW-Stand,Tertiäre GW-Leiter (GWL 4),gespannt,23.03.2026,34.69,keine Angabe,https://wasserportal.berlin.de/station.php?anzeige=g&thema=gws&station=7194,keine,https://wasserportal.berlin.de/station.php?anzeige=i&thema=gws&station=7194
7195,Charlottenburg-Wilmersdorf,"GW-Stand, tagesaktuell + GW-Güte",Hauptgrundwasserleiter (GWL 1.3 + 2),ungespannt,19.06.2026,26.62,30.66,https://wasserportal.berlin.de/station.php?anzeige=g&thema=gws&station=7195,extrem niedrig,https://wasserportal.berlin.de/station.php?anzeige=i&thema=gws&station=7195
7196,Charlottenburg-Wilmersdorf,"GW-Stand, tagesaktuell",Elsterzeitl. GW-Leiter (GWL 3),gespannt,19.06.2026,24.81,keine Angabe,https://wasserportal.berlin.de/station.php?anzeige=g&thema=gws&station=7196,extrem niedrig,https://wasserportal.berlin.de/station.php?anzeige=i&thema=gws&station=7196
7206,Steglitz-Zehlendorf,GW-Stand + GW-Güte,Hauptgrundwasserleiter (GWL 1.3 + 2),gespannt,26.05.2026,33.93,keine Angabe,https://wasserportal.berlin.de/station.php?anzeige=g&thema=gws&station=7206,extrem niedrig,https://wasserportal.berlin.de/station.php?anzeige=i&thema=gws&station=7206
7207,Steglitz-Zehlendorf,GW-Stand + GW-Güte,Elsterzeitl. GW-Leiter (GWL 3),gespannt,23.03.2026,34.15,keine Angabe,https://wasserportal.berlin.de/station.php?anzeige=g&thema=gws&station=7207,keine,https://wasserportal.berlin.de/station.php?anzeige=i&thema=gws&station=7207
7208,Steglitz-Zehlendorf,GW-Stand,Tertiäre GW-Leiter (GWL 4),gespannt,23.03.2026,34.24,keine Angabe,https://wasserportal.berlin.de/station.php?anzeige=g&thema=gws&station=7208,keine,https://wasserportal.berlin.de/station.php?anzeige=i&thema=gws&station=7208
7210,Steglitz-Zehlendorf,GW-Stand + GW-Güte,Elsterzeitl. GW-Leiter (GWL 3),gespannt,10.06.2026,33.62,keine Angabe,https://wasserportal.berlin.de/station.php?anzeige=g&thema=gws&station=7210,extrem niedrig,https://wasserportal.berlin.de/station.php?anzeige=i&thema=gws&station=7210
7214,Steglitz-Zehlendorf,GW-Stand,Hauptgrundwasserleiter (GWL 1.3 + 2),gespannt,02.04.2026,29.69,keine Angabe,https://wasserportal.berlin.de/station.php?anzeige=g&thema=gws&station=7214,keine,https://wasserportal.berlin.de/station.php?anzeige=i&thema=gws&station=7214
7215,Steglitz-Zehlendorf,GW-Stand + GW-Güte,Elsterzeitl. GW-Leiter (GWL 3),gespannt,08.05.2026,29.69,keine Angabe,https://wasserportal.berlin.de/station.php?anzeige=g&thema=gws&station=7215,sehr niedrig,https://wasserportal.berlin.de/station.php?anzeige=i&thema=gws&station=7215
7216,Steglitz-Zehlendorf,GW-Stand,Tertiäre GW-Leiter (GWL 4),gespannt,08.05.2026,29.66,keine Angabe,https://wasserportal.berlin.de/station.php?anzeige=g&thema=gws&station=7216,sehr niedrig,https://wasserportal.berlin.de/station.php?anzeige=i&thema=gws&station=7216
7218,Steglitz-Zehlendorf,GW-Stand + GW-Güte,Tertiäre GW-Leiter (GWL 4),gespannt,08.05.2026,29.46,keine Angabe,https://wasserportal.berlin.de/station.php?anzeige=g&thema=gws&station=7218,sehr niedrig,https://wasserportal.berlin.de/station.php?anzeige=i&thema=gws&station=7218
7219,Steglitz-Zehlendorf,"GW-Stand, tagesaktuell + GW-Güte",Hauptgrundwasserleiter (GWL 1.3 + 2),gespannt,19.06.2026,29.71,keine Angabe,https://wasserportal.berlin.de/station.php?anzeige=g&thema=gws&station=7219,normal,https://wasserportal.berlin.de/station.php?anzeige=i&thema=gws&station=7219
7228,Steglitz-Zehlendorf,GW-Stand,Hauptgrundwasserleiter (GWL 1.3 + 2),gespannt,08.05.2026,29.89,keine Angabe,https://wasserportal.berlin.de/station.php?anzeige=g&thema=gws&station=7228,extrem niedrig,https://wasserportal.berlin.de/station.php?anzeige=i&thema=gws&station=7228
7229,Steglitz-Zehlendorf,GW-Stand + GW-Güte,Elsterzeitl. GW-Leiter (GWL 3),gespannt,08.05.2026,29.90,keine Angabe,https://wasserportal.berlin.de/station.php?anzeige=g&thema=gws&station=7229,extrem niedrig,https://wasserportal.berlin.de/station.php?anzeige=i&thema=gws&station=7229
7231,Steglitz-Zehlendorf,GW-Stand,Elsterzeitl. GW-Leiter (GWL 3),gespannt,08.05.2026,29.22,keine Angabe,https://wasserportal.berlin.de/station.php?anzeige=g&thema=gws&station=7231,sehr niedrig,https://wasserportal.berlin.de/station.php?anzeige=i&thema=gws&station=7231
7233,Steglitz-Zehlendorf,GW-Stand,Elsterzeitl. GW-Leiter (GWL 3),gespannt,08.05.2026,29.46,keine Angabe,https://wasserportal.berlin.de/station.php?anzeige=g&thema=gws&station=7233,niedrig,https://wasserportal.berlin.de/station.php?anzeige=i&thema=gws&station=7233
7237,Steglitz-Zehlendorf,GW-Stand + GW-Güte,Hauptgrundwasserleiter (GWL 1.3 + 2),gespannt,11.05.2026,29.36,keine Angabe,https://wasserportal.berlin.de/station.php?anzeige=g&thema=gws&station=7237,extrem niedrig,https://wasserportal.berlin.de/station.php?anzeige=i&thema=gws&station=7237
7240,Steglitz-Zehlendorf,GW-Stand,Hauptgrundwasserleiter (GWL 1.3 + 2),gespannt,11.05.2026,28.88,keine Angabe,https://wasserportal.berlin.de/station.php?anzeige=g&thema=gws&station=7240,extrem niedrig,https://wasserportal.berlin.de/station.php?anzeige=i&thema=gws&station=7240
7241,Steglitz-Zehlendorf,GW-Stand,Elsterzeitl. GW-Leiter (GWL 3),gespannt,11.05.2026,28.20,keine Angabe,https://wasserportal.berlin.de/station.php?anzeige=g&thema=gws&station=7241,extrem niedrig,https://wasserportal.berlin.de/station.php?anzeige=i&thema=gws&station=7241
7248,Steglitz-Zehlendorf,GW-Stand + GW-Güte,Hauptgrundwasserleiter (GWL 1.3 + 2),gespannt,02.04.2026,30.49,keine Angabe,https://wasserportal.berlin.de/station.php?anzeige=g&thema=gws&station=7248,keine,https://wasserportal.berlin.de/station.php?anzeige=i&thema=gws&station=7248
7249,Steglitz-Zehlendorf,GW-Stand,Elsterzeitl. GW-Leiter (GWL 3),gespannt,02.04.2026,30.36,keine Angabe,https://wasserportal.berlin.de/station.php?anzeige=g&thema=gws&station=7249,keine,https://wasserportal.berlin.de/station.php?anzeige=i&thema=gws&station=7249
7250,Steglitz-Zehlendorf,GW-Stand + GW-Güte,Hauptgrundwasserleiter (GWL 1.3 + 2),gespannt,02.04.2026,28.15,keine Angabe,https://wasserportal.berlin.de/station.php?anzeige=g&thema=gws&station=7250,keine,https://wasserportal.berlin.de/station.php?anzeige=i&thema=gws&station=7250
7251,Steglitz-Zehlendorf,GW-Stand,Elsterzeitl. GW-Leiter (GWL 3),gespannt,02.04.2026,27.95,keine Angabe,https://wasserportal.berlin.de/station.php?anzeige=g&thema=gws&station=7251,keine,https://wasserportal.berlin.de/station.php?anzeige=i&thema=gws&station=7251
7253,Steglitz-Zehlendorf,GW-Stand,Elsterzeitl. GW-Leiter (GWL 3),gespannt,02.04.2026,27.61,keine Angabe,https://wasserportal.berlin.de/station.php?anzeige=g&thema=gws&station=7253,keine,https://wasserportal.berlin.de/station.php?anzeige=i&thema=gws&station=7253
7254,Steglitz-Zehlendorf,GW-Stand,Elsterzeitl. GW-Leiter (GWL 3),gespannt,02.04.2026,27.86,keine Angabe,https://wasserportal.berlin.de/station.php?anzeige=g&thema=gws&station=7254,keine,https://wasserportal.berlin.de/station.php?anzeige=i&thema=gws&station=7254
7255,Steglitz-Zehlendorf,GW-Stand + GW-Güte,Hauptgrundwasserleiter (GWL 1.3 + 2),gespannt,11.05.2026,29.70,keine Angabe,https://wasserportal.berlin.de/station.php?anzeige=g&thema=gws&station=7255,normal,https://wasserportal.berlin.de/station.php?anzeige=i&thema=gws&station=7255
7259,Steglitz-Zehlendorf,GW-Stand + GW-Güte,Elsterzeitl. GW-Leiter (GWL 3),gespannt,08.05.2026,28.99,keine Angabe,https://wasserportal.berlin.de/station.php?anzeige=g&thema=gws&station=7259,sehr niedrig,https://wasserportal.berlin.de/station.php?anzeige=i&thema=gws&station=7259
7261,Steglitz-Zehlendorf,GW-Stand,Elsterzeitl. GW-Leiter (GWL 3),gespannt,08.05.2026,28.52,keine Angabe,https://wasserportal.berlin.de/station.php?anzeige=g&thema=gws&station=7261,extrem niedrig,https://wasserportal.berlin.de/station.php?anzeige=i&thema=gws&station=7261
7264,Steglitz-Zehlendorf,"GW-Stand, tagesaktuell + GW-Güte",Hauptgrundwasserleiter (GWL 1.3 + 2),gespannt,19.06.2026,29.04,keine Angabe,https://wasserportal.berlin.de/station.php?anzeige=g&thema=gws&station=7264,extrem niedrig,https://wasserportal.berlin.de/station.php?anzeige=i&thema=gws&station=7264
7269,Steglitz-Zehlendorf,GW-Stand,Hauptgrundwasserleiter (GWL 1.3 + 2),gespannt,08.05.2026,28.90,keine Angabe,https://wasserportal.berlin.de/station.php?anzeige=g&thema=gws&station=7269,extrem niedrig,https://wasserportal.berlin.de/station.php?anzeige=i&thema=gws&station=7269
7275,Steglitz-Zehlendorf,GW-Stand,Hauptgrundwasserleiter (GWL 1.3 + 2),ungespannt,09.06.2026,33.71,11.81,https://wasserportal.berlin.de/station.php?anzeige=g&thema=gws&station=7275,extrem niedrig,https://wasserportal.berlin.de/station.php?anzeige=i&thema=gws&station=7275
7277,Steglitz-Zehlendorf,GW-Stand,Tertiäre GW-Leiter (GWL 4),gespannt,27.03.2026,26.57,keine Angabe,https://wasserportal.berlin.de/station.php?anzeige=g&thema=gws&station=7277,keine,https://wasserportal.berlin.de/station.php?anzeige=i&thema=gws&station=7277
7278,Steglitz-Zehlendorf,GW-Stand,Elsterzeitl. GW-Leiter (GWL 3),gespannt,27.03.2026,26.57,keine Angabe,https://wasserportal.berlin.de/station.php?anzeige=g&thema=gws&station=7278,keine,https://wasserportal.berlin.de/station.php?anzeige=i&thema=gws&station=7278
7281,Steglitz-Zehlendorf,GW-Stand,Elsterzeitl. GW-Leiter (GWL 3),gespannt,27.03.2026,25.06,keine Angabe,https://wasserportal.berlin.de/station.php?anzeige=g&thema=gws&station=7281,keine,https://wasserportal.berlin.de/station.php?anzeige=i&thema=gws&station=7281
7286,Steglitz-Zehlendorf,"GW-Stand, tagesaktuell + GW-Güte",Hauptgrundwasserleiter (GWL 1.3 + 2),ungespannt,19.06.2026,27.20,26.21,https://wasserportal.berlin.de/station.php?anzeige=g&thema=gws&station=7286,extrem niedrig,https://wasserportal.berlin.de/station.php?anzeige=i&thema=gws&station=7286
7291,Steglitz-Zehlendorf,GW-Stand + GW-Güte,Hauptgrundwasserleiter (GWL 1.3 + 2),ungespannt,09.06.2026,29.87,19.61,https://wasserportal.berlin.de/station.php?anzeige=g&thema=gws&station=7291,extrem niedrig,https://wasserportal.berlin.de/station.php?anzeige=i&thema=gws&station=7291
7292,Steglitz-Zehlendorf,GW-Stand + GW-Güte,Hauptgrundwasserleiter (GWL 1.3 + 2),gespannt,09.06.2026,32.62,keine Angabe,https://wasserportal.berlin.de/station.php?anzeige=g&thema=gws&station=7292,extrem niedrig,https://wasserportal.berlin.de/station.php?anzeige=i&thema=gws&station=7292
7293,Steglitz-Zehlendorf,GW-Stand,Elsterzeitl. GW-Leiter (GWL 3),gespannt,09.06.2026,33.19,keine Angabe,https://wasserportal.berlin.de/station.php?anzeige=g&thema=gws&station=7293,extrem niedrig,https://wasserportal.berlin.de/station.php?anzeige=i&thema=gws&station=7293
7295,Steglitz-Zehlendorf,GW-Stand + GW-Güte,Elsterzeitl. GW-Leiter (GWL 3),gespannt,09.06.2026,30.58,keine Angabe,https://wasserportal.berlin.de/station.php?anzeige=g&thema=gws&station=7295,extrem niedrig,https://wasserportal.berlin.de/station.php?anzeige=i&thema=gws&station=7295
7299,Steglitz-Zehlendorf,GW-Stand,Hauptgrundwasserleiter (GWL 1.3 + 2),ungespannt,09.06.2026,33.70,10.99,https://wasserportal.berlin.de/station.php?anzeige=g&thema=gws&station=7299,extrem niedrig,https://wasserportal.berlin.de/station.php?anzeige=i&thema=gws&station=7299
7301,Steglitz-Zehlendorf,GW-Stand + GW-Güte,Hauptgrundwasserleiter (GWL 1.3 + 2),gespannt,09.06.2026,30.37,keine Angabe,https://wasserportal.berlin.de/station.php?anzeige=g&thema=gws&station=7301,extrem niedrig,https://wasserportal.berlin.de/station.php?anzeige=i&thema=gws&station=7301
7323,Steglitz-Zehlendorf,GW-Stand,Tertiäre GW-Leiter (GWL 4),gespannt,09.06.2026,33.79,keine Angabe,https://wasserportal.berlin.de/station.php?anzeige=g&thema=gws&station=7323,extrem niedrig,https://wasserportal.berlin.de/station.php?anzeige=i&thema=gws&station=7323
7324,Steglitz-Zehlendorf,GW-Stand,Hauptgrundwasserleiter (GWL 1.3 + 2),ungespannt,09.06.2026,34.40,9.78,https://wasserportal.berlin.de/station.php?anzeige=g&thema=gws&station=7324,extrem niedrig,https://wasserportal.berlin.de/station.php?anzeige=i&thema=gws&station=7324
7340,Steglitz-Zehlendorf,GW-Stand,Elsterzeitl. GW-Leiter (GWL 3),gespannt,08.06.2026,33.27,keine Angabe,https://wasserportal.berlin.de/station.php?anzeige=g&thema=gws&station=7340,keine,https://wasserportal.berlin.de/station.php?anzeige=i&thema=gws&station=7340
7347,Steglitz-Zehlendorf,"GW-Stand, tagesaktuell",Tertiäre GW-Leiter (GWL 4),gespannt,16.06.2025,34.75,keine Angabe,https://wasserportal.berlin.de/station.php?anzeige=g&thema=gws&station=7347,keine,https://wasserportal.berlin.de/station.php?anzeige=i&thema=gws&station=7347
7502,Steglitz-Zehlendorf,GW-Stand,Elsterzeitl. GW-Leiter (GWL 3),gespannt,09.06.2026,32.74,keine Angabe,https://wasserportal.berlin.de/station.php?anzeige=g&thema=gws&station=7502,extrem niedrig,https://wasserportal.berlin.de/station.php?anzeige=i&thema=gws&station=7502
7518,Lichtenberg,"GW-Stand, tagesaktuell",Tertiäre GW-Leiter (GWL 4),gespannt,18.06.2026,31.59,keine Angabe,https://wasserportal.berlin.de/station.php?anzeige=g&thema=gws&station=7518,normal,https://wasserportal.berlin.de/station.php?anzeige=i&thema=gws&station=7518
7578,Treptow-Köpenick,GW-Stand,Hauptgrundwasserleiter (GWL 1.3 + 2),ungespannt,15.05.2026,31.78,2.63,https://wasserportal.berlin.de/station.php?anzeige=g&thema=gws&station=7578,normal,https://wasserportal.berlin.de/station.php?anzeige=i&thema=gws&station=7578
7678,Marzahn-Hellersdorf,"GW-Stand, tagesaktuell",Weitere,ungespannt,19.06.2026,57.17,3.83,https://wasserportal.berlin.de/station.php?anzeige=g&thema=gws&station=7678,niedrig,https://wasserportal.berlin.de/station.php?anzeige=i&thema=gws&station=7678
7706,Pankow,"GW-Stand, tagesaktuell",Panketalgrundwasserleiter (GWL 1.2),gespannt,19.06.2026,51.93,keine Angabe,https://wasserportal.berlin.de/station.php?anzeige=g&thema=gws&station=7706,normal,https://wasserportal.berlin.de/station.php?anzeige=i&thema=gws&station=7706
7713,Pankow,GW-Stand,Hauptgrundwasserleiter (GWL 1.3 + 2),gespannt,22.05.2026,46.12,keine Angabe,https://wasserportal.berlin.de/station.php?anzeige=g&thema=gws&station=7713,sehr niedrig,https://wasserportal.berlin.de/station.php?anzeige=i&thema=gws&station=7713
7722,Pankow,GW-Stand,Panketalgrundwasserleiter (GWL 1.2),ungespannt,01.06.2026,47.61,2.85,https://wasserportal.berlin.de/station.php?anzeige=g&thema=gws&station=7722,normal,https://wasserportal.berlin.de/station.php?anzeige=i&thema=gws&station=7722
7728,Pankow,"GW-Stand, tagesaktuell",Panketalgrundwasserleiter (GWL 1.2),ungespannt,19.06.2026,51.49,2.35,https://wasserportal.berlin.de/station.php?anzeige=g&thema=gws&station=7728,sehr niedrig,https://wasserportal.berlin.de/station.php?anzeige=i&thema=gws&station=7728
7742,Lichtenberg,GW-Stand,Hauptgrundwasserleiter (GWL 1.3 + 2),ungespannt,02.06.2026,34.14,2.59,https://wasserportal.berlin.de/station.php?anzeige=g&thema=gws&station=7742,normal,https://wasserportal.berlin.de/station.php?anzeige=i&thema=gws&station=7742
7745,Pankow,GW-Stand,Panketalgrundwasserleiter (GWL 1.2),ungespannt,27.05.2026,53.94,2.12,https://wasserportal.berlin.de/station.php?anzeige=g&thema=gws&station=7745,normal,https://wasserportal.berlin.de/station.php?anzeige=i&thema=gws&station=7745
7746,Pankow,"GW-Stand, tagesaktuell",Panketalgrundwasserleiter (GWL 1.2),ungespannt,19.06.2026,56.39,2.33,https://wasserportal.berlin.de/station.php?anzeige=g&thema=gws&station=7746,normal,https://wasserportal.berlin.de/station.php?anzeige=i&thema=gws&station=7746
7750,Pankow,GW-Stand,Panketalgrundwasserleiter (GWL 1.2),ungespannt,09.04.2026,48.55,4.70,https://wasserportal.berlin.de/station.php?anzeige=g&thema=gws&station=7750,keine,https://wasserportal.berlin.de/station.php?anzeige=i&thema=gws&station=7750
7752,Lichtenberg,"GW-Stand, tagesaktuell",Hauptgrundwasserleiter (GWL 1.3 + 2),ungespannt,19.06.2026,32.90,3.38,https://wasserportal.berlin.de/station.php?anzeige=g&thema=gws&station=7752,normal,https://wasserportal.berlin.de/station.php?anzeige=i&thema=gws&station=7752
7845,Friedrichshain-Kreuzberg,GW-Stand,Hauptgrundwasserleiter (GWL 1.3 + 2),gespannt,02.06.2026,34.53,keine Angabe,https://wasserportal.berlin.de/station.php?anzeige=g&thema=gws&station=7845,normal,https://wasserportal.berlin.de/station.php?anzeige=i&thema=gws&station=7845
7882,Pankow,GW-Stand,Panketalgrundwasserleiter (GWL 1.2),ungespannt,07.05.2026,46.11,3.22,https://wasserportal.berlin.de/station.php?anzeige=g&thema=gws&station=7882,sehr niedrig,https://wasserportal.berlin.de/station.php?anzeige=i&thema=gws&station=7882
7884,Pankow,GW-Stand,Panketalgrundwasserleiter (GWL 1.2),ungespannt,09.04.2026,47.31,2.85,https://wasserportal.berlin.de/station.php?anzeige=g&thema=gws&station=7884,keine,https://wasserportal.berlin.de/station.php?anzeige=i&thema=gws&station=7884
7885,Pankow,GW-Stand,Hauptgrundwasserleiter (GWL 1.3 + 2),gespannt,08.04.2026,52.60,keine Angabe,https://wasserportal.berlin.de/station.php?anzeige=g&thema=gws&station=7885,keine,https://wasserportal.berlin.de/station.php?anzeige=i&thema=gws&station=7885
7886,Pankow,GW-Stand,Hauptgrundwasserleiter (GWL 1.3 + 2),gespannt,28.05.2026,55.58,keine Angabe,https://wasserportal.berlin.de/station.php?anzeige=g&thema=gws&station=7886,extrem niedrig,https://wasserportal.berlin.de/station.php?anzeige=i&thema=gws&station=7886
7892,Pankow,GW-Stand,Hauptgrundwasserleiter (GWL 1.3 + 2),gespannt,08.04.2026,51.74,keine Angabe,https://wasserportal.berlin.de/station.php?anzeige=g&thema=gws&station=7892,keine,https://wasserportal.berlin.de/station.php?anzeige=i&thema=gws&station=7892
7917,Lichtenberg,GW-Stand,Weitere,ungespannt,03.06.2026,53.35,2.46,https://wasserportal.berlin.de/station.php?anzeige=g&thema=gws&station=7917,extrem niedrig,https://wasserportal.berlin.de/station.php?anzeige=i&thema=gws&station=7917
7918,Lichtenberg,"GW-Stand, tagesaktuell",Weitere,ungespannt,19.06.2026,53.37,2.51,https://wasserportal.berlin.de/station.php?anzeige=g&thema=gws&station=7918,keine,https://wasserportal.berlin.de/station.php?anzeige=i&thema=gws&station=7918
8018,Treptow-Köpenick,GW-Stand,Hauptgrundwasserleiter (GWL 1.3 + 2),ungespannt,15.06.2026,29.49,4.85,https://wasserportal.berlin.de/station.php?anzeige=g&thema=gws&station=8018,normal,https://wasserportal.berlin.de/station.php?anzeige=i&thema=gws&station=8018
8044,Marzahn-Hellersdorf,GW-Stand,Hauptgrundwasserleiter (GWL 1.3 + 2),gespannt,03.06.2026,42.81,keine Angabe,https://wasserportal.berlin.de/station.php?anzeige=g&thema=gws&station=8044,niedrig,https://wasserportal.berlin.de/station.php?anzeige=i&thema=gws&station=8044
8045,Marzahn-Hellersdorf,GW-Stand,Elsterzeitl. GW-Leiter (GWL 3),gespannt,03.06.2026,41.62,keine Angabe,https://wasserportal.berlin.de/station.php?anzeige=g&thema=gws&station=8045,niedrig,https://wasserportal.berlin.de/station.php?anzeige=i&thema=gws&station=8045
8047,Marzahn-Hellersdorf,"GW-Stand, tagesaktuell",Hauptgrundwasserleiter (GWL 1.3 + 2),gespannt,19.06.2026,37.96,keine Angabe,https://wasserportal.berlin.de/station.php?anzeige=g&thema=gws&station=8047,extrem niedrig,https://wasserportal.berlin.de/station.php?anzeige=i&thema=gws&station=8047
8048,Marzahn-Hellersdorf,"GW-Stand, tagesaktuell",Elsterzeitl. GW-Leiter (GWL 3),gespannt,19.06.2026,37.56,keine Angabe,https://wasserportal.berlin.de/station.php?anzeige=g&thema=gws&station=8048,sehr niedrig,https://wasserportal.berlin.de/station.php?anzeige=i&thema=gws&station=8048
8053,Lichtenberg,GW-Stand,Hauptgrundwasserleiter (GWL 1.3 + 2),gespannt,18.05.2026,35.79,keine Angabe,https://wasserportal.berlin.de/station.php?anzeige=g&thema=gws&station=8053,normal,https://wasserportal.berlin.de/station.php?anzeige=i&thema=gws&station=8053
8054,Lichtenberg,GW-Stand,Elsterzeitl. GW-Leiter (GWL 3),gespannt,18.05.2026,36.02,keine Angabe,https://wasserportal.berlin.de/station.php?anzeige=g&thema=gws&station=8054,normal,https://wasserportal.berlin.de/station.php?anzeige=i&thema=gws&station=8054
8056,Lichtenberg,GW-Stand,Elsterzeitl. GW-Leiter (GWL 3),gespannt,18.05.2026,38.89,keine Angabe,https://wasserportal.berlin.de/station.php?anzeige=g&thema=gws&station=8056,normal,https://wasserportal.berlin.de/station.php?anzeige=i&thema=gws&station=8056
8058,Marzahn-Hellersdorf,GW-Stand,Hauptgrundwasserleiter (GWL 1.3 + 2),gespannt,11.06.2026,34.68,keine Angabe,https://wasserportal.berlin.de/station.php?anzeige=g&thema=gws&station=8058,normal,https://wasserportal.berlin.de/station.php?anzeige=i&thema=gws&station=8058
8059,Marzahn-Hellersdorf,GW-Stand,Elsterzeitl. GW-Leiter (GWL 3),gespannt,11.06.2026,34.75,keine Angabe,https://wasserportal.berlin.de/station.php?anzeige=g&thema=gws&station=8059,normal,https://wasserportal.berlin.de/station.php?anzeige=i&thema=gws&station=8059
8063,Marzahn-Hellersdorf,"GW-Stand, tagesaktuell",Elsterzeitl. GW-Leiter (GWL 3),gespannt,19.06.2026,34.17,keine Angabe,https://wasserportal.berlin.de/station.php?anzeige=g&thema=gws&station=8063,normal,https://wasserportal.berlin.de/station.php?anzeige=i&thema=gws&station=8063
8118,Lichtenberg,GW-Stand,Hauptgrundwasserleiter (GWL 1.3 + 2),ungespannt,18.05.2026,34.48,3.17,https://wasserportal.berlin.de/station.php?anzeige=g&thema=gws&station=8118,normal,https://wasserportal.berlin.de/station.php?anzeige=i&thema=gws&station=8118
8199,Pankow,GW-Stand,Hauptgrundwasserleiter (GWL 1.3 + 2),gespannt,27.05.2026,52.42,keine Angabe,https://wasserportal.berlin.de/station.php?anzeige=g&thema=gws&station=8199,normal,https://wasserportal.berlin.de/station.php?anzeige=i&thema=gws&station=8199
8213,Pankow,GW-Stand,Hauptgrundwasserleiter (GWL 1.3 + 2),artesisch,01.06.2026,51.47,keine Angabe,https://wasserportal.berlin.de/station.php?anzeige=g&thema=gws&station=8213,niedrig,https://wasserportal.berlin.de/station.php?anzeige=i&thema=gws&station=8213
8214,Pankow,GW-Stand,Elsterzeitl. GW-Leiter (GWL 3),artesisch,01.06.2026,51.25,keine Angabe,https://wasserportal.berlin.de/station.php?anzeige=g&thema=gws&station=8214,extrem niedrig,https://wasserportal.berlin.de/station.php?anzeige=i&thema=gws&station=8214
8215,Pankow,GW-Stand,Tertiäre GW-Leiter (GWL 4),artesisch,01.06.2026,51.35,keine Angabe,https://wasserportal.berlin.de/station.php?anzeige=g&thema=gws&station=8215,niedrig,https://wasserportal.berlin.de/station.php?anzeige=i&thema=gws&station=8215
8221,Pankow,GW-Stand,Hauptgrundwasserleiter (GWL 1.3 + 2),gespannt,28.05.2026,51.33,keine Angabe,https://wasserportal.berlin.de/station.php?anzeige=g&thema=gws&station=8221,normal,https://wasserportal.berlin.de/station.php?anzeige=i&thema=gws&station=8221
8224,Pankow,"GW-Stand, tagesaktuell",Hauptgrundwasserleiter (GWL 1.3 + 2),ungespannt,19.06.2026,50.31,2.62,https://wasserportal.berlin.de/station.php?anzeige=g&thema=gws&station=8224,niedrig,https://wasserportal.berlin.de/station.php?anzeige=i&thema=gws&station=8224
8225,Pankow,"GW-Stand, tagesaktuell",Hauptgrundwasserleiter (GWL 1.3 + 2),gespannt,19.06.2026,50.66,keine Angabe,https://wasserportal.berlin.de/station.php?anzeige=g&thema=gws&station=8225,niedrig,https://wasserportal.berlin.de/station.php?anzeige=i&thema=gws&station=8225
8226,Pankow,"GW-Stand, tagesaktuell",Hauptgrundwasserleiter (GWL 1.3 + 2),gespannt,19.06.2026,50.59,keine Angabe,https://wasserportal.berlin.de/station.php?anzeige=g&thema=gws&station=8226,niedrig,https://wasserportal.berlin.de/station.php?anzeige=i&thema=gws&station=8226
8349,Marzahn-Hellersdorf,"GW-Stand, tagesaktuell",Hauptgrundwasserleiter (GWL 1.3 + 2),gespannt,19.06.2026,40.98,keine Angabe,https://wasserportal.berlin.de/station.php?anzeige=g&thema=gws&station=8349,extrem niedrig,https://wasserportal.berlin.de/station.php?anzeige=i&thema=gws&station=8349
8350,Marzahn-Hellersdorf,"GW-Stand, tagesaktuell",Hauptgrundwasserleiter (GWL 1.3 + 2),ungespannt,18.06.2026,41.07,1.04,https://wasserportal.berlin.de/station.php?anzeige=g&thema=gws&station=8350,sehr niedrig,https://wasserportal.berlin.de/station.php?anzeige=i&thema=gws&station=8350
8351,Marzahn-Hellersdorf,"GW-Stand, tagesaktuell",Elsterzeitl. GW-Leiter (GWL 3),gespannt,19.06.2026,40.94,keine Angabe,https://wasserportal.berlin.de/station.php?anzeige=g&thema=gws&station=8351,sehr hoch,https://wasserportal.berlin.de/station.php?anzeige=i&thema=gws&station=8351
8355,Treptow-Köpenick,GW-Stand,Hauptgrundwasserleiter (GWL 1.3 + 2),ungespannt,13.05.2026,32.30,1.57,https://wasserportal.berlin.de/station.php?anzeige=g&thema=gws&station=8355,normal,https://wasserportal.berlin.de/station.php?anzeige=i&thema=gws&station=8355
8367,Treptow-Köpenick,GW-Stand,Hauptgrundwasserleiter (GWL 1.3 + 2),ungespannt,13.05.2026,32.28,1.98,https://wasserportal.berlin.de/station.php?anzeige=g&thema=gws&station=8367,normal,https://wasserportal.berlin.de/station.php?anzeige=i&thema=gws&station=8367
8378,Treptow-Köpenick,GW-Stand,Hauptgrundwasserleiter (GWL 1.3 + 2),ungespannt,13.04.2026,32.31,1.43,https://wasserportal.berlin.de/station.php?anzeige=g&thema=gws&station=8378,keine,https://wasserportal.berlin.de/station.php?anzeige=i&thema=gws&station=8378
8408,Treptow-Köpenick,GW-Stand,Hauptgrundwasserleiter (GWL 1.3 + 2),ungespannt,13.05.2026,32.29,1.41,https://wasserportal.berlin.de/station.php?anzeige=g&thema=gws&station=8408,normal,https://wasserportal.berlin.de/station.php?anzeige=i&thema=gws&station=8408
8411,Treptow-Köpenick,GW-Stand,Elsterzeitl. GW-Leiter (GWL 3),ungespannt,13.05.2026,32.26,1.44,https://wasserportal.berlin.de/station.php?anzeige=g&thema=gws&station=8411,niedrig,https://wasserportal.berlin.de/station.php?anzeige=i&thema=gws&station=8411
8412,Treptow-Köpenick,GW-Stand,Hauptgrundwasserleiter (GWL 1.3 + 2),ungespannt,13.05.2026,32.24,1.58,https://wasserportal.berlin.de/station.php?anzeige=g&thema=gws&station=8412,normal,https://wasserportal.berlin.de/station.php?anzeige=i&thema=gws&station=8412
8414,Treptow-Köpenick,"GW-Stand, tagesaktuell",Hauptgrundwasserleiter (GWL 1.3 + 2),ungespannt,19.06.2026,32.05,2.48,https://wasserportal.berlin.de/station.php?anzeige=g&thema=gws&station=8414,sehr niedrig,https://wasserportal.berlin.de/station.php?anzeige=i&thema=gws&station=8414
8415,Treptow-Köpenick,"GW-Stand, tagesaktuell",Elsterzeitl. GW-Leiter (GWL 3),gespannt,19.06.2026,31.95,keine Angabe,https://wasserportal.berlin.de/station.php?anzeige=g&thema=gws&station=8415,sehr niedrig,https://wasserportal.berlin.de/station.php?anzeige=i&thema=gws&station=8415
8437,Lichtenberg,GW-Stand,Hauptgrundwasserleiter (GWL 1.3 + 2),gespannt,03.06.2026,50.94,keine Angabe,https://wasserportal.berlin.de/station.php?anzeige=g&thema=gws&station=8437,sehr niedrig,https://wasserportal.berlin.de/station.php?anzeige=i&thema=gws&station=8437
8438,Pankow,GW-Stand,Weitere,gespannt,01.06.2026,53.40,keine Angabe,https://wasserportal.berlin.de/station.php?anzeige=g&thema=gws&station=8438,niedrig,https://wasserportal.berlin.de/station.php?anzeige=i&thema=gws&station=8438
8440,Pankow,GW-Stand,Hauptgrundwasserleiter (GWL 1.3 + 2),gespannt,01.06.2026,49.89,keine Angabe,https://wasserportal.berlin.de/station.php?anzeige=g&thema=gws&station=8440,sehr niedrig,https://wasserportal.berlin.de/station.php?anzeige=i&thema=gws&station=8440
8441,Lichtenberg,GW-Stand,Hauptgrundwasserleiter (GWL 1.3 + 2),gespannt,29.04.2026,50.81,keine Angabe,https://wasserportal.berlin.de/station.php?anzeige=g&thema=gws&station=8441,niedrig,https://wasserportal.berlin.de/station.php?anzeige=i&thema=gws&station=8441
8443,Lichtenberg,GW-Stand,Hauptgrundwasserleiter (GWL 1.3 + 2),gespannt,23.05.2026,48.17,keine Angabe,https://wasserportal.berlin.de/station.php?anzeige=g&thema=gws&station=8443,niedrig,https://wasserportal.berlin.de/station.php?anzeige=i&thema=gws&station=8443
8444,Lichtenberg,GW-Stand,Weitere,gespannt,03.06.2026,50.76,keine Angabe,https://wasserportal.berlin.de/station.php?anzeige=g&thema=gws&station=8444,niedrig,https://wasserportal.berlin.de/station.php?anzeige=i&thema=gws&station=8444
8445,Lichtenberg,GW-Stand,Hauptgrundwasserleiter (GWL 1.3 + 2),gespannt,03.06.2026,47.61,keine Angabe,https://wasserportal.berlin.de/station.php?anzeige=g&thema=gws&station=8445,extrem niedrig,https://wasserportal.berlin.de/station.php?anzeige=i&thema=gws&station=8445
8448,Pankow,GW-Stand,Hauptgrundwasserleiter (GWL 1.3 + 2),gespannt,23.05.2026,46.39,keine Angabe,https://wasserportal.berlin.de/station.php?anzeige=g&thema=gws&station=8448,normal,https://wasserportal.berlin.de/station.php?anzeige=i&thema=gws&station=8448
8450,Lichtenberg,GW-Stand,Hauptgrundwasserleiter (GWL 1.3 + 2),gespannt,03.06.2026,49.26,keine Angabe,https://wasserportal.berlin.de/station.php?anzeige=g&thema=gws&station=8450,extrem niedrig,https://wasserportal.berlin.de/station.php?anzeige=i&thema=gws&station=8450
8458,Friedrichshain-Kreuzberg,GW-Stand,Hauptgrundwasserleiter (GWL 1.3 + 2),ungespannt,02.06.2026,32.42,2.28,https://wasserportal.berlin.de/station.php?anzeige=g&thema=gws&station=8458,normal,https://wasserportal.berlin.de/station.php?anzeige=i&thema=gws&station=8458
8459,Friedrichshain-Kreuzberg,GW-Stand,Hauptgrundwasserleiter (GWL 1.3 + 2),gespannt,10.04.2026,34.17,keine Angabe,https://wasserportal.berlin.de/station.php?anzeige=g&thema=gws&station=8459,keine,https://wasserportal.berlin.de/station.php?anzeige=i&thema=gws&station=8459
8464,Friedrichshain-Kreuzberg,GW-Stand,Hauptgrundwasserleiter (GWL 1.3 + 2),gespannt,21.05.2026,32.17,keine Angabe,https://wasserportal.berlin.de/station.php?anzeige=g&thema=gws&station=8464,normal,https://wasserportal.berlin.de/station.php?anzeige=i&thema=gws&station=8464
8468,Friedrichshain-Kreuzberg,"GW-Stand, tagesaktuell",Hauptgrundwasserleiter (GWL 1.3 + 2),ungespannt,19.06.2026,32.79,6.13,https://wasserportal.berlin.de/station.php?anzeige=g&thema=gws&station=8468,normal,https://wasserportal.berlin.de/station.php?anzeige=i&thema=gws&station=8468
8469,Friedrichshain-Kreuzberg,"GW-Stand, tagesaktuell + GW-Güte",Hauptgrundwasserleiter (GWL 1.3 + 2),ungespannt,19.06.2026,32.63,3.27,https://wasserportal.berlin.de/station.php?anzeige=g&thema=gws&station=8469,normal,https://wasserportal.berlin.de/station.php?anzeige=i&thema=gws&station=8469
8472,Mitte,"GW-Stand, tagesaktuell + GW-Güte",Hauptgrundwasserleiter (GWL 1.3 + 2),ungespannt,19.06.2026,30.82,2.64,https://wasserportal.berlin.de/station.php?anzeige=g&thema=gws&station=8472,normal,https://wasserportal.berlin.de/station.php?anzeige=i&thema=gws&station=8472
8473,Mitte,"GW-Stand, tagesaktuell",Hauptgrundwasserleiter (GWL 1.3 + 2),ungespannt,19.06.2026,30.86,3.65,https://wasserportal.berlin.de/station.php?anzeige=g&thema=gws&station=8473,normal,https://wasserportal.berlin.de/station.php?anzeige=i&thema=gws&station=8473
8476,Friedrichshain-Kreuzberg,GW-Stand,Hauptgrundwasserleiter (GWL 1.3 + 2),ungespannt,02.06.2026,32.98,2.75,https://wasserportal.berlin.de/station.php?anzeige=g&thema=gws&station=8476,normal,https://wasserportal.berlin.de/station.php?anzeige=i&thema=gws&station=8476
8484,Mitte,GW-Stand,Hauptgrundwasserleiter (GWL 1.3 + 2),ungespannt,07.04.2026,31.20,4.77,https://wasserportal.berlin.de/station.php?anzeige=g&thema=gws&station=8484,keine,https://wasserportal.berlin.de/station.php?anzeige=i&thema=gws&station=8484
8693,Treptow-Köpenick,GW-Stand,Hauptgrundwasserleiter (GWL 1.3 + 2),ungespannt,29.05.2026,32.87,2.18,https://wasserportal.berlin.de/station.php?anzeige=g&thema=gws&station=8693,normal,https://wasserportal.berlin.de/station.php?anzeige=i&thema=gws&station=8693
8947,Mitte,GW-Stand,Hauptgrundwasserleiter (GWL 1.3 + 2),ungespannt,22.05.2026,31.17,3.60,https://wasserportal.berlin.de/station.php?anzeige=g&thema=gws&station=8947,normal,https://wasserportal.berlin.de/station.php?anzeige=i&thema=gws&station=8947
8949,Mitte,GW-Stand + GW-Güte,Hauptgrundwasserleiter (GWL 1.3 + 2),ungespannt,22.05.2026,30.96,2.81,https://wasserportal.berlin.de/station.php?anzeige=g&thema=gws&station=8949,normal,https://wasserportal.berlin.de/station.php?anzeige=i&thema=gws&station=8949
8950,Mitte,GW-Stand + GW-Güte,Hauptgrundwasserleiter (GWL 1.3 + 2),ungespannt,22.05.2026,30.79,3.75,https://wasserportal.berlin.de/station.php?anzeige=g&thema=gws&station=8950,normal,https://wasserportal.berlin.de/station.php?anzeige=i&thema=gws&station=8950
8964,Treptow-Köpenick,GW-Stand + GW-Güte,Hauptgrundwasserleiter (GWL 1.3 + 2),gespannt,30.05.2026,34.87,keine Angabe,https://wasserportal.berlin.de/station.php?anzeige=g&thema=gws&station=8964,niedrig,https://wasserportal.berlin.de/station.php?anzeige=i&thema=gws&station=8964
8974,Friedrichshain-Kreuzberg,GW-Stand,Hauptgrundwasserleiter (GWL 1.3 + 2),ungespannt,02.06.2026,33.34,2.86,https://wasserportal.berlin.de/station.php?anzeige=g&thema=gws&station=8974,normal,https://wasserportal.berlin.de/station.php?anzeige=i&thema=gws&station=8974
8979,Treptow-Köpenick,"GW-Stand, tagesaktuell",Hauptgrundwasserleiter (GWL 1.3 + 2),ungespannt,19.06.2026,32.23,2.86,https://wasserportal.berlin.de/station.php?anzeige=g&thema=gws&station=8979,niedrig,https://wasserportal.berlin.de/station.php?anzeige=i&thema=gws&station=8979
8997,Marzahn-Hellersdorf,GW-Stand,Hauptgrundwasserleiter (GWL 1.3 + 2),ungespannt,15.06.2026,33.98,3.32,https://wasserportal.berlin.de/station.php?anzeige=g&thema=gws&station=8997,normal,https://wasserportal.berlin.de/station.php?anzeige=i&thema=gws&station=8997
9016,Lichtenberg,"GW-Stand, tagesaktuell",Weitere,ungespannt,19.06.2026,53.63,4.15,https://wasserportal.berlin.de/station.php?anzeige=g&thema=gws&station=9016,sehr niedrig,https://wasserportal.berlin.de/station.php?anzeige=i&thema=gws&station=9016
9058,Pankow,"GW-Stand, tagesaktuell",Panketalgrundwasserleiter (GWL 1.2),ungespannt,19.06.2026,44.69,1.31,https://wasserportal.berlin.de/station.php?anzeige=g&thema=gws&station=9058,normal,https://wasserportal.berlin.de/station.php?anzeige=i&thema=gws&station=9058
9083,Pankow,GW-Stand,Hauptgrundwasserleiter (GWL 1.3 + 2),gespannt,21.05.2026,44.99,keine Angabe,https://wasserportal.berlin.de/station.php?anzeige=g&thema=gws&station=9083,normal,https://wasserportal.berlin.de/station.php?anzeige=i&thema=gws&station=9083
9092,Mitte,GW-Stand + GW-Güte,Hauptgrundwasserleiter (GWL 1.3 + 2),ungespannt,22.05.2026,30.93,5.25,https://wasserportal.berlin.de/station.php?anzeige=g&thema=gws&station=9092,normal,https://wasserportal.berlin.de/station.php?anzeige=i&thema=gws&station=9092
9401,Treptow-Köpenick,GW-Stand + GW-Güte,Hauptgrundwasserleiter (GWL 1.3 + 2),ungespannt,15.06.2026,32.28,2.84,https://wasserportal.berlin.de/station.php?anzeige=g&thema=gws&station=9401,niedrig,https://wasserportal.berlin.de/station.php?anzeige=i&thema=gws&station=9401
9408,Treptow-Köpenick,"GW-Stand, tagesaktuell",Hauptgrundwasserleiter (GWL 1.3 + 2),ungespannt,19.06.2026,31.27,3.91,https://wasserportal.berlin.de/station.php?anzeige=g&thema=gws&station=9408,normal,https://wasserportal.berlin.de/station.php?anzeige=i&thema=gws&station=9408
9416,Treptow-Köpenick,"GW-Stand, tagesaktuell",Hauptgrundwasserleiter (GWL 1.3 + 2),ungespannt,19.06.2026,30.76,3.58,https://wasserportal.berlin.de/station.php?anzeige=g&thema=gws&station=9416,hoch,https://wasserportal.berlin.de/station.php?anzeige=i&thema=gws&station=9416
9424,Treptow-Köpenick,GW-Stand,Hauptgrundwasserleiter (GWL 1.3 + 2),ungespannt,15.06.2026,31.47,3.89,https://wasserportal.berlin.de/station.php?anzeige=g&thema=gws&station=9424,normal,https://wasserportal.berlin.de/station.php?anzeige=i&thema=gws&station=9424
9442,Treptow-Köpenick,"GW-Stand, tagesaktuell",Hauptgrundwasserleiter (GWL 1.3 + 2),ungespannt,19.06.2026,31.84,3.16,https://wasserportal.berlin.de/station.php?anzeige=g&thema=gws&station=9442,keine,https://wasserportal.berlin.de/station.php?anzeige=i&thema=gws&station=9442
9445,Treptow-Köpenick,GW-Stand,Hauptgrundwasserleiter (GWL 1.3 + 2),ungespannt,15.06.2026,30.65,4.72,https://wasserportal.berlin.de/station.php?anzeige=g&thema=gws&station=9445,normal,https://wasserportal.berlin.de/station.php?anzeige=i&thema=gws&station=9445
9451,Treptow-Köpenick,"GW-Stand, tagesaktuell",Hauptgrundwasserleiter (GWL 1.3 + 2),ungespannt,19.06.2026,30.03,4.34,https://wasserportal.berlin.de/station.php?anzeige=g&thema=gws&station=9451,sehr hoch,https://wasserportal.berlin.de/station.php?anzeige=i&thema=gws&station=9451
9458,Treptow-Köpenick,GW-Stand,Hauptgrundwasserleiter (GWL 1.3 + 2),ungespannt,15.06.2026,31.03,3.95,https://wasserportal.berlin.de/station.php?anzeige=g&thema=gws&station=9458,hoch,https://wasserportal.berlin.de/station.php?anzeige=i&thema=gws&station=9458
9485,Treptow-Köpenick,GW-Stand,Hauptgrundwasserleiter (GWL 1.3 + 2),ungespannt,15.06.2026,30.78,3.43,https://wasserportal.berlin.de/station.php?anzeige=g&thema=gws&station=9485,normal,https://wasserportal.berlin.de/station.php?anzeige=i&thema=gws&station=9485
9491,Mitte,GW-Stand,Hauptgrundwasserleiter (GWL 1.3 + 2),gespannt,07.04.2026,31.19,keine Angabe,https://wasserportal.berlin.de/station.php?anzeige=g&thema=gws&station=9491,keine,https://wasserportal.berlin.de/station.php?anzeige=i&thema=gws&station=9491
9492,Mitte,GW-Stand,Hauptgrundwasserleiter (GWL 1.3 + 2),ungespannt,20.05.2026,31.83,16.09,https://wasserportal.berlin.de/station.php?anzeige=g&thema=gws&station=9492,normal,https://wasserportal.berlin.de/station.php?anzeige=i&thema=gws&station=9492
9503,Steglitz-Zehlendorf,GW-Stand,Elsterzeitl. GW-Leiter (GWL 3),gespannt,09.06.2026,33.73,keine Angabe,https://wasserportal.berlin.de/station.php?anzeige=g&thema=gws&station=9503,extrem niedrig,https://wasserportal.berlin.de/station.php?anzeige=i&thema=gws&station=9503
9612,Lichtenberg,GW-Stand,Hauptgrundwasserleiter (GWL 1.3 + 2),gespannt,02.06.2026,37.79,keine Angabe,https://wasserportal.berlin.de/station.php?anzeige=g&thema=gws&station=9612,niedrig,https://wasserportal.berlin.de/station.php?anzeige=i&thema=gws&station=9612
9614,Lichtenberg,GW-Stand,Hauptgrundwasserleiter (GWL 1.3 + 2),gespannt,18.05.2026,36.49,keine Angabe,https://wasserportal.berlin.de/station.php?anzeige=g&thema=gws&station=9614,normal,https://wasserportal.berlin.de/station.php?anzeige=i&thema=gws&station=9614
9859,Treptow-Köpenick,GW-Stand,Hauptgrundwasserleiter (GWL 1.3 + 2),ungespannt,15.06.2026,32.59,3.87,https://wasserportal.berlin.de/station.php?anzeige=g&thema=gws&station=9859,normal,https://wasserportal.berlin.de/station.php?anzeige=i&thema=gws&station=9859
9874,Treptow-Köpenick,GW-Stand,Hauptgrundwasserleiter (GWL 1.3 + 2),ungespannt,29.05.2026,31.72,5.59,https://wasserportal.berlin.de/station.php?anzeige=g&thema=gws&station=9874,normal,https://wasserportal.berlin.de/station.php?anzeige=i&thema=gws&station=9874
9931,Pankow,GW-Stand,Hauptgrundwasserleiter (GWL 1.3 + 2),gespannt,09.04.2026,47.49,keine Angabe,https://wasserportal.berlin.de/station.php?anzeige=g&thema=gws&station=9931,keine,https://wasserportal.berlin.de/station.php?anzeige=i&thema=gws&station=9931
9932,Pankow,GW-Stand,Panketalgrundwasserleiter (GWL 1.2),ungespannt,09.04.2026,48.15,3.38,https://wasserportal.berlin.de/station.php?anzeige=g&thema=gws&station=9932,keine,https://wasserportal.berlin.de/station.php?anzeige=i&thema=gws&station=9932
9987,Pankow,GW-Stand,Panketalgrundwasserleiter (GWL 1.2),ungespannt,21.05.2026,40.47,3.47,https://wasserportal.berlin.de/station.php?anzeige=g&thema=gws&station=9987,normal,https://wasserportal.berlin.de/station.php?anzeige=i&thema=gws&station=9987
10035,Treptow-Köpenick,GW-Stand,Hauptgrundwasserleiter (GWL 1.3 + 2),ungespannt,15.06.2026,31.74,3.37,https://wasserportal.berlin.de/station.php?anzeige=g&thema=gws&station=10035,normal,https://wasserportal.berlin.de/station.php?anzeige=i&thema=gws&station=10035
10038,Treptow-Köpenick,"GW-Stand, tagesaktuell",Hauptgrundwasserleiter (GWL 1.3 + 2),ungespannt,19.06.2026,32.36,2.11,https://wasserportal.berlin.de/station.php?anzeige=g&thema=gws&station=10038,niedrig,https://wasserportal.berlin.de/station.php?anzeige=i&thema=gws&station=10038
10414,Spandau,GW-Stand,Hauptgrundwasserleiter (GWL 1.3 + 2),ungespannt,04.06.2026,27.77,5.95,https://wasserportal.berlin.de/station.php?anzeige=g&thema=gws&station=10414,niedrig,https://wasserportal.berlin.de/station.php?anzeige=i&thema=gws&station=10414
10417,Spandau,GW-Stand,Hauptgrundwasserleiter (GWL 1.3 + 2),ungespannt,11.06.2026,27.22,6.24,https://wasserportal.berlin.de/station.php?anzeige=g&thema=gws&station=10417,niedrig,https://wasserportal.berlin.de/station.php?anzeige=i&thema=gws&station=10417
10420,Mitte,GW-Stand,Hauptgrundwasserleiter (GWL 1.3 + 2),ungespannt,21.05.2026,30.91,1.52,https://wasserportal.berlin.de/station.php?anzeige=g&thema=gws&station=10420,normal,https://wasserportal.berlin.de/station.php?anzeige=i&thema=gws&station=10420
10421,Treptow-Köpenick,"GW-Stand, tagesaktuell + GW-Güte",Hauptgrundwasserleiter (GWL 1.3 + 2),ungespannt,19.06.2026,33.10,1.81,https://wasserportal.berlin.de/station.php?anzeige=g&thema=gws&station=10421,niedrig,https://wasserportal.berlin.de/station.php?anzeige=i&thema=gws&station=10421
10709,Lichtenberg,"GW-Stand, tagesaktuell",Hauptgrundwasserleiter (GWL 1.3 + 2),ungespannt,19.06.2026,31.90,3.58,https://wasserportal.berlin.de/station.php?anzeige=g&thema=gws&station=10709,normal,https://wasserportal.berlin.de/station.php?anzeige=i&thema=gws&station=10709
15001,Pankow,GW-Stand + GW-Güte,Hauptgrundwasserleiter (GWL 1.3 + 2),gespannt,07.05.2026,38.87,keine Angabe,https://wasserportal.berlin.de/station.php?anzeige=g&thema=gws&station=15001,sehr niedrig,https://wasserportal.berlin.de/station.php?anzeige=i&thema=gws&station=15001
15012,Treptow-Köpenick,GW-Stand,Hauptgrundwasserleiter (GWL 1.3 + 2),ungespannt,15.06.2026,32.01,2.27,https://wasserportal.berlin.de/station.php?anzeige=g&thema=gws&station=15012,normal,https://wasserportal.berlin.de/station.php?anzeige=i&thema=gws&station=15012
15044,Treptow-Köpenick,GW-Stand,Hauptgrundwasserleiter (GWL 1.3 + 2),ungespannt,15.05.2026,31.68,2.77,https://wasserportal.berlin.de/station.php?anzeige=g&thema=gws&station=15044,keine,https://wasserportal.berlin.de/station.php?anzeige=i&thema=gws&station=15044
15049,Lichtenberg,GW-Stand + GW-Güte,Hauptgrundwasserleiter (GWL 1.3 + 2),ungespannt,18.05.2026,32.85,2.15,https://wasserportal.berlin.de/station.php?anzeige=g&thema=gws&station=15049,niedrig,https://wasserportal.berlin.de/station.php?anzeige=i&thema=gws&station=15049
15062,Pankow,GW-Stand,Hauptgrundwasserleiter (GWL 1.3 + 2),gespannt,26.05.2026,42.04,keine Angabe,https://wasserportal.berlin.de/station.php?anzeige=g&thema=gws&station=15062,niedrig,https://wasserportal.berlin.de/station.php?anzeige=i&thema=gws&station=15062
15063,Lichtenberg,"GW-Stand, tagesaktuell",Hauptgrundwasserleiter (GWL 1.3 + 2),gespannt,19.06.2026,39.11,keine Angabe,https://wasserportal.berlin.de/station.php?anzeige=g&thema=gws&station=15063,extrem niedrig,https://wasserportal.berlin.de/station.php?anzeige=i&thema=gws&station=15063
15065,Treptow-Köpenick,GW-Stand + GW-Güte,Hauptgrundwasserleiter (GWL 1.3 + 2),gespannt,30.05.2026,34.49,keine Angabe,https://wasserportal.berlin.de/station.php?anzeige=g&thema=gws&station=15065,niedrig,https://wasserportal.berlin.de/station.php?anzeige=i&thema=gws&station=15065
15101,Lichtenberg,"GW-Stand, tagesaktuell + GW-Güte",Hauptgrundwasserleiter (GWL 1.3 + 2),gespannt,19.06.2026,31.85,keine Angabe,https://wasserportal.berlin.de/station.php?anzeige=g&thema=gws&station=15101,normal,https://wasserportal.berlin.de/station.php?anzeige=i&thema=gws&station=15101
15104,Lichtenberg,"GW-Stand, tagesaktuell",Hauptgrundwasserleiter (GWL 1.3 + 2),ungespannt,19.06.2026,31.74,0.51,https://wasserportal.berlin.de/station.php?anzeige=g&thema=gws&station=15104,normal,https://wasserportal.berlin.de/station.php?anzeige=i&thema=gws&station=15104
15147,Treptow-Köpenick,GW-Stand + GW-Güte,Hauptgrundwasserleiter (GWL 1.3 + 2),ungespannt,29.05.2026,31.75,2.66,https://wasserportal.berlin.de/station.php?anzeige=g&thema=gws&station=15147,normal,https://wasserportal.berlin.de/station.php?anzeige=i&thema=gws&station=15147
15150,Pankow,GW-Stand + GW-Güte,Hauptgrundwasserleiter (GWL 1.3 + 2),artesisch,01.06.2026,47.93,keine Angabe,https://wasserportal.berlin.de/station.php?anzeige=g&thema=gws&station=15150,sehr niedrig,https://wasserportal.berlin.de/station.php?anzeige=i&thema=gws&station=15150
15152,Treptow-Köpenick,"GW-Stand, tagesaktuell + GW-Güte",Hauptgrundwasserleiter (GWL 1.3 + 2),ungespannt,19.06.2026,32.77,1.42,https://wasserportal.berlin.de/station.php?anzeige=g&thema=gws&station=15152,normal,https://wasserportal.berlin.de/station.php?anzeige=i&thema=gws&station=15152
15153,Treptow-Köpenick,"GW-Stand, tagesaktuell + GW-Güte",Elsterzeitl. GW-Leiter (GWL 3),gespannt,19.06.2026,33.01,keine Angabe,https://wasserportal.berlin.de/station.php?anzeige=g&thema=gws&station=15153,niedrig,https://wasserportal.berlin.de/station.php?anzeige=i&thema=gws&station=15153
15156,Pankow,GW-Stand + GW-Güte,Panketalgrundwasserleiter (GWL 1.2),ungespannt,01.06.2026,49.05,2.26,https://wasserportal.berlin.de/station.php?anzeige=g&thema=gws&station=15156,sehr niedrig,https://wasserportal.berlin.de/station.php?anzeige=i&thema=gws&station=15156
15160,Treptow-Köpenick,"GW-Stand, tagesaktuell + GW-Güte",Elsterzeitl. GW-Leiter (GWL 3),gespannt,19.06.2026,32.01,keine Angabe,https://wasserportal.berlin.de/station.php?anzeige=g&thema=gws&station=15160,sehr niedrig,https://wasserportal.berlin.de/station.php?anzeige=i&thema=gws&station=15160
15161,Treptow-Köpenick,"GW-Stand, tagesaktuell",Hauptgrundwasserleiter (GWL 1.3 + 2),ungespannt,19.06.2026,32.33,3.67,https://wasserportal.berlin.de/station.php?anzeige=g&thema=gws&station=15161,sehr niedrig,https://wasserportal.berlin.de/station.php?anzeige=i&thema=gws&station=15161
15162,Treptow-Köpenick,"GW-Stand, tagesaktuell + GW-Güte",Elsterzeitl. GW-Leiter (GWL 3),gespannt,19.06.2026,32.25,keine Angabe,https://wasserportal.berlin.de/station.php?anzeige=g&thema=gws&station=15162,sehr niedrig,https://wasserportal.berlin.de/station.php?anzeige=i&thema=gws&station=15162
15163,Treptow-Köpenick,"GW-Stand, tagesaktuell + GW-Güte",Hauptgrundwasserleiter (GWL 1.3 + 2),ungespannt,19.06.2026,32.32,3.82,https://wasserportal.berlin.de/station.php?anzeige=g&thema=gws&station=15163,sehr niedrig,https://wasserportal.berlin.de/station.php?anzeige=i&thema=gws&station=15163
15165,Lichtenberg,GW-Stand,Hauptgrundwasserleiter (GWL 1.3 + 2),gespannt,03.06.2026,47.06,keine Angabe,https://wasserportal.berlin.de/station.php?anzeige=g&thema=gws&station=15165,sehr niedrig,https://wasserportal.berlin.de/station.php?anzeige=i&thema=gws&station=15165
15166,Marzahn-Hellersdorf,GW-Stand,Hauptgrundwasserleiter (GWL 1.3 + 2),gespannt,03.06.2026,41.60,keine Angabe,https://wasserportal.berlin.de/station.php?anzeige=g&thema=gws&station=15166,sehr niedrig,https://wasserportal.berlin.de/station.php?anzeige=i&thema=gws&station=15166
15167,Marzahn-Hellersdorf,GW-Stand,Hauptgrundwasserleiter (GWL 1.3 + 2),gespannt,03.06.2026,46.40,keine Angabe,https://wasserportal.berlin.de/station.php?anzeige=g&thema=gws&station=15167,sehr niedrig,https://wasserportal.berlin.de/station.php?anzeige=i&thema=gws&station=15167
15168,Pankow,GW-Stand,Panketalgrundwasserleiter (GWL 1.2),gespannt,27.05.2026,55.70,keine Angabe,https://wasserportal.berlin.de/station.php?anzeige=g&thema=gws&station=15168,niedrig,https://wasserportal.berlin.de/station.php?anzeige=i&thema=gws&station=15168
15169,Pankow,"GW-Stand, tagesaktuell",Panketalgrundwasserleiter (GWL 1.2),ungespannt,19.06.2026,51.19,1.22,https://wasserportal.berlin.de/station.php?anzeige=g&thema=gws&station=15169,sehr niedrig,https://wasserportal.berlin.de/station.php?anzeige=i&thema=gws&station=15169
15170,Pankow,GW-Stand,Panketalgrundwasserleiter (GWL 1.2),ungespannt,26.05.2026,47.21,2.59,https://wasserportal.berlin.de/station.php?anzeige=g&thema=gws&station=15170,niedrig,https://wasserportal.berlin.de/station.php?anzeige=i&thema=gws&station=15170
15171,Pankow,"GW-Stand, tagesaktuell",Hauptgrundwasserleiter (GWL 1.3 + 2),gespannt,19.06.2026,50.43,keine Angabe,https://wasserportal.berlin.de/station.php?anzeige=g&thema=gws&station=15171,sehr niedrig,https://wasserportal.berlin.de/station.php?anzeige=i&thema=gws&station=15171
15172,Pankow,"GW-Stand, tagesaktuell",Hauptgrundwasserleiter (GWL 1.3 + 2),gespannt,16.06.2026,41.50,keine Angabe,https://wasserportal.berlin.de/station.php?anzeige=g&thema=gws&station=15172,sehr niedrig,https://wasserportal.berlin.de/station.php?anzeige=i&thema=gws&station=15172
15173,Pankow,"GW-Stand, tagesaktuell",Weitere,gespannt,19.06.2026,40.94,keine Angabe,https://wasserportal.berlin.de/station.php?anzeige=g&thema=gws&station=15173,sehr niedrig,https://wasserportal.berlin.de/station.php?anzeige=i&thema=gws&station=15173
15174,Treptow-Köpenick,GW-Stand + GW-Güte,Hauptgrundwasserleiter (GWL 1.3 + 2),ungespannt,15.06.2026,32.12,2.91,https://wasserportal.berlin.de/station.php?anzeige=g&thema=gws&station=15174,niedrig,https://wasserportal.berlin.de/station.php?anzeige=i&thema=gws&station=15174
15175,Lichtenberg,"GW-Stand, tagesaktuell",Hauptgrundwasserleiter (GWL 1.3 + 2),gespannt,19.06.2026,52.10,keine Angabe,https://wasserportal.berlin.de/station.php?anzeige=g&thema=gws&station=15175,extrem niedrig,https://wasserportal.berlin.de/station.php?anzeige=i&thema=gws&station=15175
15176,Spandau,"GW-Stand, tagesaktuell",Hauptgrundwasserleiter (GWL 1.3 + 2),gespannt,19.06.2026,29.96,keine Angabe,https://wasserportal.berlin.de/station.php?anzeige=g&thema=gws&station=15176,niedrig,https://wasserportal.berlin.de/station.php?anzeige=i&thema=gws&station=15176
15178,Spandau,"GW-Stand, tagesaktuell",Hauptgrundwasserleiter (GWL 1.3 + 2),ungespannt,19.06.2026,29.95,1.51,https://wasserportal.berlin.de/station.php?anzeige=g&thema=gws&station=15178,normal,https://wasserportal.berlin.de/station.php?anzeige=i&thema=gws&station=15178
15179,Charlottenburg-Wilmersdorf,GW-Stand,Hauptgrundwasserleiter (GWL 1.3 + 2),ungespannt,28.04.2026,25.68,3.91,https://wasserportal.berlin.de/station.php?anzeige=g&thema=gws&station=15179,extrem niedrig,https://wasserportal.berlin.de/station.php?anzeige=i&thema=gws&station=15179
15180,Treptow-Köpenick,"GW-Stand, tagesaktuell",Hauptgrundwasserleiter (GWL 1.3 + 2),ungespannt,19.06.2026,32.29,0.80,https://wasserportal.berlin.de/station.php?anzeige=g&thema=gws&station=15180,sehr niedrig,https://wasserportal.berlin.de/station.php?anzeige=i&thema=gws&station=15180
15181,Treptow-Köpenick,"GW-Stand, tagesaktuell",Hauptgrundwasserleiter (GWL 1.3 + 2),ungespannt,19.06.2026,32.09,2.09,https://wasserportal.berlin.de/station.php?anzeige=g&thema=gws&station=15181,sehr niedrig,https://wasserportal.berlin.de/station.php?anzeige=i&thema=gws&station=15181
15183,Marzahn-Hellersdorf,GW-Stand,Elsterzeitl. GW-Leiter (GWL 3),gespannt,15.06.2026,33.46,keine Angabe,https://wasserportal.berlin.de/station.php?anzeige=g&thema=gws&station=15183,normal,https://wasserportal.berlin.de/station.php?anzeige=i&thema=gws&station=15183
15184,Friedrichshain-Kreuzberg,"GW-Stand, tagesaktuell",Hauptgrundwasserleiter (GWL 1.3 + 2),ungespannt,19.06.2026,33.20,2.93,https://wasserportal.berlin.de/station.php?anzeige=g&thema=gws&station=15184,normal,https://wasserportal.berlin.de/station.php?anzeige=i&thema=gws&station=15184
15185,Marzahn-Hellersdorf,"GW-Stand, tagesaktuell",Hauptgrundwasserleiter (GWL 1.3 + 2),ungespannt,19.06.2026,33.23,3.85,https://wasserportal.berlin.de/station.php?anzeige=g&thema=gws&station=15185,hoch,https://wasserportal.berlin.de/station.php?anzeige=i&thema=gws&station=15185
15189,Pankow,"GW-Stand, tagesaktuell",Panketalgrundwasserleiter (GWL 1.2),ungespannt,19.06.2026,42.24,2.45,https://wasserportal.berlin.de/station.php?anzeige=g&thema=gws&station=15189,normal,https://wasserportal.berlin.de/station.php?anzeige=i&thema=gws&station=15189
15190,Pankow,"GW-Stand, tagesaktuell",Hauptgrundwasserleiter (GWL 1.3 + 2),gespannt,19.06.2026,42.04,keine Angabe,https://wasserportal.berlin.de/station.php?anzeige=g&thema=gws&station=15190,normal,https://wasserportal.berlin.de/station.php?anzeige=i&thema=gws&station=15190
15192,Steglitz-Zehlendorf,GW-Stand,Hauptgrundwasserleiter (GWL 1.3 + 2),ungespannt,02.06.2026,26.92,21.12,https://wasserportal.berlin.de/station.php?anzeige=g&thema=gws&station=15192,extrem niedrig,https://wasserportal.berlin.de/station.php?anzeige=i&thema=gws&station=15192
15193,Charlottenburg-Wilmersdorf,GW-Stand,Hauptgrundwasserleiter (GWL 1.3 + 2),ungespannt,28.04.2026,26.94,29.59,https://wasserportal.berlin.de/station.php?anzeige=g&thema=gws&station=15193,extrem niedrig,https://wasserportal.berlin.de/station.php?anzeige=i&thema=gws&station=15193
15195,Charlottenburg-Wilmersdorf,"GW-Stand, tagesaktuell",Hauptgrundwasserleiter (GWL 1.3 + 2),ungespannt,19.06.2026,28.99,1.60,https://wasserportal.berlin.de/station.php?anzeige=g&thema=gws&station=15195,extrem niedrig,https://wasserportal.berlin.de/station.php?anzeige=i&thema=gws&station=15195
15196,Charlottenburg-Wilmersdorf,"GW-Stand, tagesaktuell + GW-Güte",Hauptgrundwasserleiter (GWL 1.3 + 2),ungespannt,19.06.2026,29.16,1.55,https://wasserportal.berlin.de/station.php?anzeige=g&thema=gws&station=15196,extrem niedrig,https://wasserportal.berlin.de/station.php?anzeige=i&thema=gws&station=15196
15197,Charlottenburg-Wilmersdorf,"GW-Stand, tagesaktuell + GW-Güte",Hauptgrundwasserleiter (GWL 1.3 + 2),ungespannt,19.06.2026,30.30,9.68,https://wasserportal.berlin.de/station.php?anzeige=g&thema=gws&station=15197,extrem niedrig,https://wasserportal.berlin.de/station.php?anzeige=i&thema=gws&station=15197
15198,Steglitz-Zehlendorf,"GW-Stand, tagesaktuell + GW-Güte",Hauptgrundwasserleiter (GWL 1.3 + 2),ungespannt,19.06.2026,30.43,4.54,https://wasserportal.berlin.de/station.php?anzeige=g&thema=gws&station=15198,extrem niedrig,https://wasserportal.berlin.de/station.php?anzeige=i&thema=gws&station=15198
15199,Steglitz-Zehlendorf,"GW-Stand, tagesaktuell + GW-Güte",Hauptgrundwasserleiter (GWL 1.3 + 2),ungespannt,19.06.2026,29.94,3.91,https://wasserportal.berlin.de/station.php?anzeige=g&thema=gws&station=15199,extrem niedrig,https://wasserportal.berlin.de/station.php?anzeige=i&thema=gws&station=15199
15201,Pankow,"GW-Stand, tagesaktuell",Hauptgrundwasserleiter (GWL 1.3 + 2),gespannt,19.06.2026,44.74,keine Angabe,https://wasserportal.berlin.de/station.php?anzeige=g&thema=gws&station=15201,sehr niedrig,https://wasserportal.berlin.de/station.php?anzeige=i&thema=gws&station=15201
17299,Reinickendorf,"GW-Stand, tagesaktuell",Hauptgrundwasserleiter (GWL 1.3 + 2),ungespannt,19.06.2026,29.70,2.81,https://wasserportal.berlin.de/station.php?anzeige=g&thema=gws&station=17299,sehr niedrig,https://wasserportal.berlin.de/station.php?anzeige=i&thema=gws&station=17299
17300,Reinickendorf,"GW-Stand, tagesaktuell",Hauptgrundwasserleiter (GWL 1.3 + 2),ungespannt,19.06.2026,29.67,2.33,https://wasserportal.berlin.de/station.php?anzeige=g&thema=gws&station=17300,extrem niedrig,https://wasserportal.berlin.de/station.php?anzeige=i&thema=gws&station=17300
17301,Reinickendorf,"GW-Stand, tagesaktuell",Hauptgrundwasserleiter (GWL 1.3 + 2),ungespannt,19.06.2026,29.35,2.20,https://wasserportal.berlin.de/station.php?anzeige=g&thema=gws&station=17301,extrem niedrig,https://wasserportal.berlin.de/station.php?anzeige=i&thema=gws&station=17301
17302,Reinickendorf,"GW-Stand, tagesaktuell",Hauptgrundwasserleiter (GWL 1.3 + 2),ungespannt,19.06.2026,29.31,2.24,https://wasserportal.berlin.de/station.php?anzeige=g&thema=gws&station=17302,extrem niedrig,https://wasserportal.berlin.de/station.php?anzeige=i&thema=gws&station=17302
17303,Treptow-Köpenick,"GW-Stand, tagesaktuell + GW-Güte",Hauptgrundwasserleiter (GWL 1.3 + 2),ungespannt,19.06.2026,32.83,7.96,https://wasserportal.berlin.de/station.php?anzeige=g&thema=gws&station=17303,extrem niedrig,https://wasserportal.berlin.de/station.php?anzeige=i&thema=gws&station=17303
17304,Treptow-Köpenick,"GW-Stand, tagesaktuell + GW-Güte",Hauptgrundwasserleiter (GWL 1.3 + 2),ungespannt,19.06.2026,32.84,7.90,https://wasserportal.berlin.de/station.php?anzeige=g&thema=gws&station=17304,extrem niedrig,https://wasserportal.berlin.de/station.php?anzeige=i&thema=gws&station=17304
17305,Lichtenberg,"GW-Stand, tagesaktuell",Elsterzeitl. GW-Leiter (GWL 3),gespannt,17.06.2026,51.27,keine Angabe,https://wasserportal.berlin.de/station.php?anzeige=g&thema=gws&station=17305,normal,https://wasserportal.berlin.de/station.php?anzeige=i&thema=gws&station=17305
17306,Lichtenberg,"GW-Stand, tagesaktuell + GW-Güte",Hauptgrundwasserleiter (GWL 1.3 + 2),gespannt,05.05.2026,52.47,keine Angabe,https://wasserportal.berlin.de/station.php?anzeige=g&thema=gws&station=17306,normal,https://wasserportal.berlin.de/station.php?anzeige=i&thema=gws&station=17306
17308,Marzahn-Hellersdorf,"GW-Stand, tagesaktuell",Weitere,gespannt,19.06.2026,50.23,keine Angabe,https://wasserportal.berlin.de/station.php?anzeige=g&thema=gws&station=17308,keine,https://wasserportal.berlin.de/station.php?anzeige=i&thema=gws&station=17308
17310,Pankow,GW-Stand,Panketalgrundwasserleiter (GWL 1.2),ungespannt,19.03.2026,48.58,1.83,https://wasserportal.berlin.de/station.php?anzeige=g&thema=gws&station=17310,keine,https://wasserportal.berlin.de/station.php?anzeige=i&thema=gws&station=17310
17311,Pankow,GW-Stand,Panketalgrundwasserleiter (GWL 1.2),ungespannt,19.03.2026,46.75,2.68,https://wasserportal.berlin.de/station.php?anzeige=g&thema=gws&station=17311,keine,https://wasserportal.berlin.de/station.php?anzeige=i&thema=gws&station=17311
17312,Pankow,GW-Stand,Panketalgrundwasserleiter (GWL 1.2),ungespannt,03.03.2026,47.94,3.57,https://wasserportal.berlin.de/station.php?anzeige=g&thema=gws&station=17312,keine,https://wasserportal.berlin.de/station.php?anzeige=i&thema=gws&station=17312
17315,Pankow,GW-Stand,Panketalgrundwasserleiter (GWL 1.2),ungespannt,22.04.2026,45.41,0.95,https://wasserportal.berlin.de/station.php?anzeige=g&thema=gws&station=17315,keine,https://wasserportal.berlin.de/station.php?anzeige=i&thema=gws&station=17315
17316,Pankow,GW-Stand,Panketalgrundwasserleiter (GWL 1.2),ungespannt,03.03.2026,44.85,2.29,https://wasserportal.berlin.de/station.php?anzeige=g&thema=gws&station=17316,keine,https://wasserportal.berlin.de/station.php?anzeige=i&thema=gws&station=17316
17319,Lichtenberg,"GW-Stand, tagesaktuell",Elsterzeitl. GW-Leiter (GWL 3),gespannt,19.06.2026,36.20,keine Angabe,https://wasserportal.berlin.de/station.php?anzeige=g&thema=gws&station=17319,extrem niedrig,https://wasserportal.berlin.de/station.php?anzeige=i&thema=gws&station=17319
17321,Reinickendorf,GW-Stand,Weitere,ungespannt,10.03.2026,50.80,4.48,https://wasserportal.berlin.de/station.php?anzeige=g&thema=gws&station=17321,keine,https://wasserportal.berlin.de/station.php?anzeige=i&thema=gws&station=17321
17322,Pankow,GW-Stand,Weitere,ungespannt,03.06.2026,42.60,5.79,https://wasserportal.berlin.de/station.php?anzeige=g&thema=gws&station=17322,keine,https://wasserportal.berlin.de/station.php?anzeige=i&thema=gws&station=17322
17900,Charlottenburg-Wilmersdorf,"GW-Stand, tagesaktuell",Weitere,keine Angabe,19.06.2026,31.68,keine Angabe,https://wasserportal.berlin.de/station.php?anzeige=g&thema=gws&station=17900,keine,https://wasserportal.berlin.de/station.php?anzeige=i&thema=gws&station=17900
17901,Charlottenburg-Wilmersdorf,"GW-Stand, tagesaktuell",Weitere,keine Angabe,19.06.2026,29.75,keine Angabe,https://wasserportal.berlin.de/station.php?anzeige=g&thema=gws&station=17901,keine,https://wasserportal.berlin.de/station.php?anzeige=i&thema=gws&station=17901
17903,Charlottenburg-Wilmersdorf,"GW-Stand, tagesaktuell",Weitere,keine Angabe,19.06.2026,28.98,keine Angabe,https://wasserportal.berlin.de/station.php?anzeige=g&thema=gws&station=17903,keine,https://wasserportal.berlin.de/station.php?anzeige=i&thema=gws&station=17903
17904,Treptow-Köpenick,"GW-Stand, tagesaktuell",Weitere,keine Angabe,19.06.2026,32.37,keine Angabe,https://wasserportal.berlin.de/station.php?anzeige=g&thema=gws&station=17904,keine,https://wasserportal.berlin.de/station.php?anzeige=i&thema=gws&station=17904
17905,Treptow-Köpenick,"GW-Stand, tagesaktuell",Weitere,keine Angabe,19.06.2026,31.99,keine Angabe,https://wasserportal.berlin.de/station.php?anzeige=g&thema=gws&station=17905,keine,https://wasserportal.berlin.de/station.php?anzeige=i&thema=gws&station=17905
17907,Treptow-Köpenick,"GW-Stand, tagesaktuell",Weitere,keine Angabe,19.06.2026,32.38,keine Angabe,https://wasserportal.berlin.de/station.php?anzeige=g&thema=gws&station=17907,keine,https://wasserportal.berlin.de/station.php?anzeige=i&thema=gws&station=17907
17908,Treptow-Köpenick,"GW-Stand, tagesaktuell",Weitere,keine Angabe,19.06.2026,31.99,keine Angabe,https://wasserportal.berlin.de/station.php?anzeige=g&thema=gws&station=17908,keine,https://wasserportal.berlin.de/station.php?anzeige=i&thema=gws&station=17908
17909,Spandau,"GW-Stand, tagesaktuell",Weitere,keine Angabe,19.06.2026,31.27,keine Angabe,https://wasserportal.berlin.de/station.php?anzeige=g&thema=gws&station=17909,keine,https://wasserportal.berlin.de/station.php?anzeige=i&thema=gws&station=17909
17910,Spandau,"GW-Stand, tagesaktuell",Weitere,keine Angabe,19.06.2026,30.50,keine Angabe,https://wasserportal.berlin.de/station.php?anzeige=g&thema=gws&station=17910,keine,https://wasserportal.berlin.de/station.php?anzeige=i&thema=gws&station=17910
17911,Spandau,"GW-Stand, tagesaktuell",Weitere,keine Angabe,19.06.2026,31.26,keine Angabe,https://wasserportal.berlin.de/station.php?anzeige=g&thema=gws&station=17911,keine,https://wasserportal.berlin.de/station.php?anzeige=i&thema=gws&station=17911
17912,Spandau,"GW-Stand, tagesaktuell",Weitere,keine Angabe,19.06.2026,30.72,keine Angabe,https://wasserportal.berlin.de/station.php?anzeige=g&thema=gws&station=17912,keine,https://wasserportal.berlin.de/station.php?anzeige=i&thema=gws&station=17912
21101,Mitte,"GW-Stand, tagesaktuell",Hauptgrundwasserleiter (GWL 1.3 + 2),ungespannt,19.06.2026,30.74,3.12,https://wasserportal.berlin.de/station.php?anzeige=g&thema=gws&station=21101,niedrig,https://wasserportal.berlin.de/station.php?anzeige=i&thema=gws&station=21101
23101,Pankow,GW-Stand,Hauptgrundwasserleiter (GWL 1.3 + 2),gespannt,03.06.2026,41.41,keine Angabe,https://wasserportal.berlin.de/station.php?anzeige=g&thema=gws&station=23101,sehr niedrig,https://wasserportal.berlin.de/station.php?anzeige=i&thema=gws&station=23101
23201,Pankow,GW-Stand,Hauptgrundwasserleiter (GWL 1.3 + 2),gespannt,01.06.2026,51.07,keine Angabe,https://wasserportal.berlin.de/station.php?anzeige=g&thema=gws&station=23201,sehr niedrig,https://wasserportal.berlin.de/station.php?anzeige=i&thema=gws&station=23201
23208,Pankow,GW-Stand,Elsterzeitl. GW-Leiter (GWL 3),keine Angabe,01.06.2026,48.07,keine Angabe,https://wasserportal.berlin.de/station.php?anzeige=g&thema=gws&station=23208,sehr niedrig,https://wasserportal.berlin.de/station.php?anzeige=i&thema=gws&station=23208
23701,Pankow,"GW-Stand, tagesaktuell + GW-Güte",Hauptgrundwasserleiter (GWL 1.3 + 2),gespannt,19.06.2026,38.93,keine Angabe,https://wasserportal.berlin.de/station.php?anzeige=g&thema=gws&station=23701,normal,https://wasserportal.berlin.de/station.php?anzeige=i&thema=gws&station=23701
23702,Pankow,GW-Stand,Panketalgrundwasserleiter (GWL 1.2),ungespannt,21.05.2026,38.52,2.98,https://wasserportal.berlin.de/station.php?anzeige=g&thema=gws&station=23702,normal,https://wasserportal.berlin.de/station.php?anzeige=i&thema=gws&station=23702
23703,Pankow,GW-Stand + GW-Güte,Panketalgrundwasserleiter (GWL 1.2),ungespannt,27.05.2026,57.51,3.42,https://wasserportal.berlin.de/station.php?anzeige=g&thema=gws&station=23703,niedrig,https://wasserportal.berlin.de/station.php?anzeige=i&thema=gws&station=23703
23705,Pankow,GW-Stand,Panketalgrundwasserleiter (GWL 1.2),ungespannt,27.05.2026,54.05,2.13,https://wasserportal.berlin.de/station.php?anzeige=g&thema=gws&station=23705,normal,https://wasserportal.berlin.de/station.php?anzeige=i&thema=gws&station=23705
23707,Pankow,GW-Stand,Panketalgrundwasserleiter (GWL 1.2),ungespannt,26.05.2026,42.36,3.02,https://wasserportal.berlin.de/station.php?anzeige=g&thema=gws&station=23707,niedrig,https://wasserportal.berlin.de/station.php?anzeige=i&thema=gws&station=23707
23719,Pankow,GW-Stand,Panketalgrundwasserleiter (GWL 1.2),ungespannt,01.06.2026,46.26,2.03,https://wasserportal.berlin.de/station.php?anzeige=g&thema=gws&station=23719,extrem niedrig,https://wasserportal.berlin.de/station.php?anzeige=i&thema=gws&station=23719
23746,Pankow,"GW-Stand, tagesaktuell",Panketalgrundwasserleiter (GWL 1.2),ungespannt,19.06.2026,50.46,1.39,https://wasserportal.berlin.de/station.php?anzeige=g&thema=gws&station=23746,keine,https://wasserportal.berlin.de/station.php?anzeige=i&thema=gws&station=23746
23747,Pankow,"GW-Stand, tagesaktuell",Hauptgrundwasserleiter (GWL 1.3 + 2),keine Angabe,19.06.2026,50.51,keine Angabe,https://wasserportal.berlin.de/station.php?anzeige=g&thema=gws&station=23747,keine,https://wasserportal.berlin.de/station.php?anzeige=i&thema=gws&station=23747
23748,Pankow,GW-Stand,Panketalgrundwasserleiter (GWL 1.2),ungespannt,26.05.2026,43.39,3.24,https://wasserportal.berlin.de/station.php?anzeige=g&thema=gws&station=23748,normal,https://wasserportal.berlin.de/station.php?anzeige=i&thema=gws&station=23748
23749,Pankow,GW-Stand,Hauptgrundwasserleiter (GWL 1.3 + 2),gespannt,26.05.2026,42.89,keine Angabe,https://wasserportal.berlin.de/station.php?anzeige=g&thema=gws&station=23749,niedrig,https://wasserportal.berlin.de/station.php?anzeige=i&thema=gws&station=23749
23750,Pankow,GW-Stand + GW-Güte,Panketalgrundwasserleiter (GWL 1.2),ungespannt,26.05.2026,40.92,3.28,https://wasserportal.berlin.de/station.php?anzeige=g&thema=gws&station=23750,normal,https://wasserportal.berlin.de/station.php?anzeige=i&thema=gws&station=23750
23751,Pankow,GW-Stand,Hauptgrundwasserleiter (GWL 1.3 + 2),gespannt,26.05.2026,41.05,keine Angabe,https://wasserportal.berlin.de/station.php?anzeige=g&thema=gws&station=23751,normal,https://wasserportal.berlin.de/station.php?anzeige=i&thema=gws&station=23751
23752,Pankow,GW-Stand,Weitere,gespannt,22.05.2026,46.96,keine Angabe,https://wasserportal.berlin.de/station.php?anzeige=g&thema=gws&station=23752,normal,https://wasserportal.berlin.de/station.php?anzeige=i&thema=gws&station=23752
23753,Pankow,GW-Stand,Hauptgrundwasserleiter (GWL 1.3 + 2),gespannt,22.05.2026,46.33,keine Angabe,https://wasserportal.berlin.de/station.php?anzeige=g&thema=gws&station=23753,normal,https://wasserportal.berlin.de/station.php?anzeige=i&thema=gws&station=23753
30201,Marzahn-Hellersdorf,GW-Stand,Hauptgrundwasserleiter (GWL 1.3 + 2),gespannt,02.06.2026,41.00,keine Angabe,https://wasserportal.berlin.de/station.php?anzeige=g&thema=gws&station=30201,niedrig,https://wasserportal.berlin.de/station.php?anzeige=i&thema=gws&station=30201
90203,Neukölln,"GW-Stand, tagesaktuell",Hauptgrundwasserleiter (GWL 1.3 + 2),ungespannt,19.06.2026,32.36,1.98,https://wasserportal.berlin.de/station.php?anzeige=g&thema=gws&station=90203,normal,https://wasserportal.berlin.de/station.php?anzeige=i&thema=gws&station=90203
90267,Mitte,"GW-Stand, tagesaktuell",Hauptgrundwasserleiter (GWL 1.3 + 2),gespannt,19.06.2026,40.40,keine Angabe,https://wasserportal.berlin.de/station.php?anzeige=g&thema=gws&station=90267,niedrig,https://wasserportal.berlin.de/station.php?anzeige=i&thema=gws&station=90267
93143,Spandau,GW-Stand,Hauptgrundwasserleiter (GWL 1.3 + 2),ungespannt,04.06.2026,28.03,4.80,https://wasserportal.berlin.de/station.php?anzeige=g&thema=gws&station=93143,extrem niedrig,https://wasserportal.berlin.de/station.php?anzeige=i&thema=gws&station=93143
95242,Marzahn-Hellersdorf,"GW-Stand, tagesaktuell",Hauptgrundwasserleiter (GWL 1.3 + 2),ungespannt,19.06.2026,34.46,3.01,https://wasserportal.berlin.de/station.php?anzeige=g&thema=gws&station=95242,keine,https://wasserportal.berlin.de/station.php?anzeige=i&thema=gws&station=95242
95391,Pankow,GW-Stand,Panketalgrundwasserleiter (GWL 1.2),ungespannt,26.05.2026,49.38,3.27,https://wasserportal.berlin.de/station.php?anzeige=g&thema=gws&station=95391,normal,https://wasserportal.berlin.de/station.php?anzeige=i&thema=gws&station=95391
95580,Marzahn-Hellersdorf,"GW-Stand, tagesaktuell + GW-Güte",Hauptgrundwasserleiter (GWL 1.3 + 2),ungespannt,19.06.2026,37.11,7.91,https://wasserportal.berlin.de/station.php?anzeige=g&thema=gws&station=95580,niedrig,https://wasserportal.berlin.de/station.php?anzeige=i&thema=gws&station=95580
97175,Steglitz-Zehlendorf,"GW-Stand, tagesaktuell",Hauptgrundwasserleiter (GWL 1.3 + 2),ungespannt,09.06.2026,34.19,6.76,https://wasserportal.berlin.de/station.php?anzeige=g&thema=gws&station=97175,extrem niedrig,https://wasserportal.berlin.de/station.php?anzeige=i&thema=gws&station=97175
97766,Mitte,GW-Stand + GW-Güte,Hauptgrundwasserleiter (GWL 1.3 + 2),ungespannt,22.05.2026,30.81,4.53,https://wasserportal.berlin.de/station.php?anzeige=g&thema=gws&station=97766,sehr niedrig,https://wasserportal.berlin.de/station.php?anzeige=i&thema=gws&station=97766
97894,Pankow,GW-Stand + GW-Güte,Hauptgrundwasserleiter (GWL 1.3 + 2),gespannt,27.05.2026,57.01,keine Angabe,https://wasserportal.berlin.de/station.php?anzeige=g&thema=gws&station=97894,extrem niedrig,https://wasserportal.berlin.de/station.php?anzeige=i&thema=gws&station=97894
98345,Marzahn-Hellersdorf,GW-Stand,Hauptgrundwasserleiter (GWL 1.3 + 2),gespannt,03.06.2026,45.58,keine Angabe,https://wasserportal.berlin.de/station.php?anzeige=g&thema=gws&station=98345,niedrig,https://wasserportal.berlin.de/station.php?anzeige=i&thema=gws&station=98345
98954,Mitte,GW-Stand,Hauptgrundwasserleiter (GWL 1.3 + 2),ungespannt,22.05.2026,30.99,3.04,https://wasserportal.berlin.de/station.php?anzeige=g&thema=gws&station=98954,hoch,https://wasserportal.berlin.de/station.php?anzeige=i&thema=gws&station=98954
99003,Marzahn-Hellersdorf,"GW-Stand, tagesaktuell",Hauptgrundwasserleiter (GWL 1.3 + 2),gespannt,19.06.2026,34.64,keine Angabe,https://wasserportal.berlin.de/station.php?anzeige=g&thema=gws&station=99003,normal,https://wasserportal.berlin.de/station.php?anzeige=i&thema=gws&station=99003
99085,Pankow,GW-Stand,Hauptgrundwasserleiter (GWL 1.3 + 2),gespannt,21.05.2026,37.69,keine Angabe,https://wasserportal.berlin.de/station.php?anzeige=g&thema=gws&station=99085,sehr niedrig,https://wasserportal.berlin.de/station.php?anzeige=i&thema=gws&station=99085
99619,Marzahn-Hellersdorf,"GW-Stand, tagesaktuell",Hauptgrundwasserleiter (GWL 1.3 + 2),ungespannt,19.06.2026,34.44,3.32,https://wasserportal.berlin.de/station.php?anzeige=g&thema=gws&station=99619,normal,https://wasserportal.berlin.de/station.php?anzeige=i&thema=gws&station=99619
99620,Marzahn-Hellersdorf,"GW-Stand, tagesaktuell",Hauptgrundwasserleiter (GWL 1.3 + 2),ungespannt,19.06.2026,34.62,3.33,https://wasserportal.berlin.de/station.php?anzeige=g&thema=gws&station=99620,normal,https://wasserportal.berlin.de/station.php?anzeige=i&thema=gws&station=99620
99721,Marzahn-Hellersdorf,"GW-Stand, tagesaktuell",Hauptgrundwasserleiter (GWL 1.3 + 2),ungespannt,19.06.2026,34.28,3.78,https://wasserportal.berlin.de/station.php?anzeige=g&thema=gws&station=99721,normal,https://wasserportal.berlin.de/station.php?anzeige=i&thema=gws&station=99721
99729,Marzahn-Hellersdorf,"GW-Stand, tagesaktuell",Hauptgrundwasserleiter (GWL 1.3 + 2),ungespannt,19.06.2026,34.16,3.26,https://wasserportal.berlin.de/station.php?anzeige=g&thema=gws&station=99729,normal,https://wasserportal.berlin.de/station.php?anzeige=i&thema=gws&station=99729
99868,Treptow-Köpenick,GW-Stand,Hauptgrundwasserleiter (GWL 1.3 + 2),gespannt,29.05.2026,32.35,keine Angabe,https://wasserportal.berlin.de/station.php?anzeige=g&thema=gws&station=99868,niedrig,https://wasserportal.berlin.de/station.php?anzeige=i&thema=gws&station=99868
